modelo,horizonte,n,RMSE_V,MAE_V,MAPE_%,R2_medio,R2_mediana,subconjunto
Bi-NOA-LSTM,60,20982,0.05299191116646255,0.02138674496193648,0.6906483960817243,0.29521107938153407,0.6106102839155875,todos
Bi-LSTM estándar,60,20982,0.05789437600256905,0.022923693527610457,0.7397349433221522,-0.08453099697430785,0.26885168739436344,todos
Seq2Seq-Att + Kalman (ensamble),60,20982,0.05257749218594669,0.020330268718143585,0.6574267591978182,0.31515454986020536,0.5678594666133718,todos
Persistencia,60,20982,0.0544397583075444,0.027096686158721947,0.8683704341011234,0.09028272976540094,0.2917989347715942,todos
Tendencia lineal,60,20982,0.1001289405847321,0.046439529198489995,1.5001451590813653,-7.792627374039991,-2.597286490760875,todos
Bi-NOA-LSTM,180,15190,0.06927686678758412,0.04292407485014483,1.3740144466027946,-4.164473786510586,-0.38576164965532533,todos
Bi-LSTM estándar,180,15190,0.07000931148293023,0.04229545118260818,1.3562514493331295,-4.208638068534575,-0.4143126808761962,todos
Seq2Seq-Att + Kalman (ensamble),180,15190,0.0702945058746133,0.04561583931335625,1.4583105190547545,-4.332551956449928,-0.44107254569247245,todos
Persistencia,180,15190,0.07793419846282819,0.05930328193418673,1.8851682707295332,-4.983741740013682,-1.8605250408705407,todos
Tendencia lineal,180,15190,0.19707519376928234,0.08626863469752521,2.811436292466482,-112.02850682758618,-4.646073157712911,todos
Bi-NOA-LSTM,60,20471,0.02371075856467952,0.015050968575407627,0.47999077483105895,0.5087848731370335,0.722380404075779,sin salto
Bi-LSTM estándar,60,20471,0.030766951659127715,0.016403321326050522,0.5228860675812541,0.11964308494080537,0.4782603129810974,sin salto
Seq2Seq-Att + Kalman (ensamble),60,20471,0.022610314107740365,0.013957435333403498,0.4456001438756384,0.5348902745574241,0.7566499605530803,sin salto
Persistencia,60,20471,0.03107976803212853,0.02127118056369017,0.6744720607200805,0.260864864845917,0.44296926952575777,sin salto
Tendencia lineal,60,20471,0.08675690201425945,0.040222251736749065,1.2929764944771895,-7.587309619838442,-2.551414461484514,sin salto
Bi-NOA-LSTM,180,14349,0.04290851334301461,0.03309197167085401,1.0455577797044242,-3.840887044653949,-0.4182154879525797,sin salto
Bi-LSTM estándar,180,14349,0.042340956840860665,0.03217216158547779,1.018247580500717,-4.2503858945978505,-0.3747014674054099,sin salto
Seq2Seq-Att + Kalman (ensamble),180,14349,0.04506670268956104,0.03600406006945632,1.1369138888082444,-4.237862201985571,-0.6136064270292816,sin salto
Persistencia,180,14349,0.06113430336848069,0.05142312380723931,1.62031574919296,-4.371720983180597,-2.1385864067581766,sin salto
Tendencia lineal,180,14349,0.18813982401939366,0.07634434714005453,2.479874008510915,-716.344670673826,-5.33805216081082,sin salto
Bi-NOA-LSTM,60,511,0.3046015375258464,0.2752021625913536,9.12973286696699,-1461.511619976942,-1296.6908788443534,cruza salto
Bi-LSTM estándar,60,511,0.3157590958488709,0.28413414233021994,9.426845188511827,-1553.105597966927,-1476.2405765998637,cruza salto
Seq2Seq-Att + Kalman (ensamble),60,511,0.30500448694940013,0.27563021435222235,9.143341910392234,-1452.7675531603868,-1340.4092669560007,cruza salto
Persistencia,60,511,0.2880873005985299,0.26047031636595386,8.636068284362041,-1282.0866690118607,-1162.6598201501483,cruza salto
Tendencia lineal,60,511,0.3318722615919803,0.29550780105621705,9.79945970528895,-2918.4415810720643,-1564.279324717967,cruza salto
Bi-NOA-LSTM,180,841,0.2350970725897933,0.21067775917790213,6.978086638427667,-1409.856854874669,-1324.4186086379405,cruza salto
Bi-LSTM estándar,180,841,0.2407048169498117,0.2150173090057046,7.123216388543935,-1477.3895283911652,-1378.3436142805613,cruza salto
Seq2Seq-Att + Kalman (ensamble),180,841,0.23365901025685534,0.2096103938564241,6.941925557588846,-1375.7298469707418,-1282.5533263879774,cruza salto
Persistencia,180,841,0.2143266520136275,0.1937532093581684,6.404037273735817,-1120.831305318171,-1035.5105538312514,cruza salto
Tendencia lineal,180,841,0.31235574864005233,0.25559515332076754,8.468495998148317,-2861.8457987889283,-1808.175808304291,cruza salto
