horizonte,modelo,MAE vs Persistencia (%),RMSE vs Persistencia (%),MAE vs Tendencia lineal (%),RMSE vs Tendencia lineal (%),supera a ambos baselines (MAE y RMSE)
1–180,A1 · MIMO por EL (Bench. 1.º),-167.33623246439095,-97.13579922330385,-88.46689872174096,-0.5898273149482006,False
1–180,A2 · MIMO conjunto (Bench. 1.º),-167.40400624915216,-90.05039107688206,-88.5146779356202,3.0255484042897223,False
1–180,C · ST-GRU (Bench. 2.º),-81.10697921700391,-46.14890776940084,-27.67693475458093,25.42656659666473,False
1–180,D · TCN (Bench. 3.º),-211.3595605252711,-147.14546218506425,-119.50249772962712,-26.10758401475504,False
1–180,B · Seq2Seq-Att + Kalman (Bench. 4.º),-28.29223819911211,-23.70905048703126,9.556441188052805,36.87665013247545,False
1–180,Propio · Bi-NOA-LSTM,17.964779413673423,0.067919672167656,42.1667483403385,49.00900423462051,True
1–180,Propio · Bi-LSTM,19.15572553161777,2.817528300268179,43.00634243248449,50.412009970636156,True
60,A1 · MIMO por EL (Bench. 1.º),-242.2763179976381,-115.65466920097367,-150.03755161078007,-47.444461489296316,False
60,A2 · MIMO conjunto (Bench. 1.º),-234.8669684021451,-106.29782352455354,-144.62491996064594,-41.047126912169574,False
60,C · ST-GRU (Bench. 2.º),-112.61883904687159,-50.3182462043802,-55.32098233560275,-2.773535790989635,False
60,D · TCN (Bench. 3.º),-256.21242141955486,-150.03339922015286,-160.21806657890806,-70.94941667132348,False
60,B · Seq2Seq-Att + Kalman (Bench. 4.º),-22.25677325618482,-10.97879001357059,10.689747886613379,24.12309925441331,False
60,Propio · Bi-NOA-LSTM,13.48124851341529,-4.97873391232308,36.79686366651735,28.2253755651087,False
60,Propio · Bi-LSTM,13.747831761991744,-1.3614266575993104,36.99160639123887,30.698551416993585,False
180,A1 · MIMO por EL (Bench. 1.º),-43.21022450418959,-43.608666509897105,1.1803374786032388,43.18790098837693,False
180,A2 · MIMO conjunto (Bench. 1.º),-48.97147514337935,-41.31459037951144,-2.795110823618075,44.09544566118183,False
180,C · ST-GRU (Bench. 2.º),-16.32707788714343,-24.180065862120408,19.730573576669073,50.87392447486829,False
180,D · TCN (Bench. 3.º),-95.4921023562847,-109.77488757176435,-34.895840344704226,17.012308710088632,False
180,B · Seq2Seq-Att + Kalman (Bench. 4.º),-31.366318405892343,-31.821467258057343,9.353013749595371,47.85095891684185,False
180,Propio · Bi-NOA-LSTM,27.35105691410696,12.45175319661415,49.8698918800027,65.36560232355345,True
180,Propio · Bi-LSTM,28.513149580443248,12.213554055535065,50.671773208682424,65.27136989652553,True
