celda,horizonte,modelo,n,RMSE (mV),MAE (mV),MAPE (%),R²
A_c134 (mayor voltaje),60,Bi-NOA-LSTM,58,169.6995991487113,82.81138929045227,2.601523956731119,-0.654828877217807
A_c134 (mayor voltaje),60,Bi-LSTM estándar,58,182.2332445566639,83.36174477724973,2.6212356664919336,-0.9083001003142424
A_c134 (mayor voltaje),60,Persistencia,58,162.7914187497292,91.05634511958333,2.8349147496922957,-0.5228406956354583
A_c134 (mayor voltaje),60,Tendencia lineal,58,200.13788034859553,106.14331645627124,3.273125293885419,-1.3017070592542015
A_c134 (mayor voltaje),180,Bi-NOA-LSTM,42,187.4269385929084,128.65045652385894,3.974618819735819,-0.49168060883782405
A_c134 (mayor voltaje),180,Bi-LSTM estándar,42,197.4549562038898,114.33532252081007,3.580700294617165,-0.6555713393458731
A_c134 (mayor voltaje),180,Persistencia,42,183.90259643323836,150.24042130836628,4.572711600850944,-0.43610945938535606
A_c134 (mayor voltaje),180,Tendencia lineal,42,220.12834550961912,144.51047840165234,4.458268642392152,-1.0576133070471188
B_c158 (mayor error a 180 d),60,Bi-NOA-LSTM,58,134.05098819942705,63.66679663810293,2.118963267120961,-0.048429717166875275
B_c158 (mayor error a 180 d),60,Bi-LSTM estándar,58,133.31397001261476,65.3537633918324,2.1757161809360483,-0.03693278487309204
B_c158 (mayor error a 180 d),60,Persistencia,58,121.48452841051343,65.7931137746029,2.1631097116425493,0.13892451127323657
B_c158 (mayor error a 180 d),60,Tendencia lineal,58,257.0887071664981,113.21964206476241,3.786233159320846,-2.8562509039841073
B_c158 (mayor error a 180 d),180,Bi-NOA-LSTM,42,231.11498251880457,178.23618620372952,5.948381806123399,-1.3963856022500822
B_c158 (mayor error a 180 d),180,Bi-LSTM estándar,42,233.666312423433,180.2025945245652,6.01435297513284,-1.4495861081153607
B_c158 (mayor error a 180 d),180,Persistencia,42,206.6688912912394,176.98190790274055,5.8437811373646955,-0.9162436115741233
B_c158 (mayor error a 180 d),180,Tendencia lineal,42,275.11980281497875,215.74039327862465,7.182902070031141,-2.3958164188382964
A_c018 (segundo mayor voltaje),60,Bi-NOA-LSTM,58,201.16946311044944,93.75961407828495,3.0406921218234997,-0.5813825199315172
A_c018 (segundo mayor voltaje),60,Bi-LSTM estándar,58,210.46673021306412,96.91918324085105,3.1362033837768206,-0.7309308891776021
A_c018 (segundo mayor voltaje),60,Persistencia,58,194.86849172375676,101.62461389699573,3.259233497665231,-0.4838707281236654
A_c018 (segundo mayor voltaje),60,Tendencia lineal,58,228.8046664954755,116.96015095617469,3.7153993266235905,-1.0457029696973636
A_c018 (segundo mayor voltaje),180,Bi-NOA-LSTM,42,223.10580530879852,145.98521151573541,4.633497990978463,-0.41773600841027014
A_c018 (segundo mayor voltaje),180,Bi-LSTM estándar,42,229.61749223777363,136.910029690915,4.387254582972587,-0.5017013355726383
A_c018 (segundo mayor voltaje),180,Persistencia,42,218.1933704822937,166.71981067226088,5.202860733813076,-0.355990759464931
A_c018 (segundo mayor voltaje),180,Tendencia lineal,42,254.10976818278542,158.9152110258097,5.0522187667603315,-0.8391465974784291
