,puesto Benchmarking,RMSE 1–180 (V),puesto RMSE 1–180,RMSE 60 (V),puesto RMSE 60,RMSE 180 (V),puesto RMSE 180,puesto MAE 1–180
Propio · Bi-LSTM,—,0.05846495225570355,1,0.05815671943398996,2,0.06908783740156038,2,1
Propio · Bi-NOA-LSTM,—,0.06011911616357842,2,0.060232170915450876,3,0.06890037493681413,1,2
Persistencia,—,0.060159976622476546,3,0.05737559281840456,1,0.07869989114864773,3,3
B · Seq2Seq-Att + Kalman (Bench. 4.º),4.º (3.80),0.07442333585288571,4,0.06367473867297849,4,0.10374335124264143,5,4
C · ST-GRU (Bench. 2.º),2.º (4.00),0.08792314874807636,5,0.08624598487399206,6,0.09772957666180782,4,6
A2 · MIMO conjunto (Bench. 1.º),1.º (5.00),0.1143342708427775,6,0.11836459921867866,7,0.11121442880583292,6,8
Tendencia lineal,—,0.11790143585388953,7,0.08391847590939205,5,0.19893625863073822,9,5
A1 · MIMO por EL (Bench. 1.º),1.º (5.00),0.1185968507272719,8,0.12373314489462797,8,0.11301986422331355,7,7
D · TCN (Bench. 3.º),3.º (3.90),0.14868265227404626,9,0.14345814504657084,9,0.1650926081761767,8,9
