,todos,todos,todos,todos,sin salto,sin salto,sin salto,sin salto,cruza salto,cruza salto,cruza salto,cruza salto
,Bi-NOA-LSTM,Bi-LSTM estándar,Persistencia,Tendencia lineal,Bi-NOA-LSTM,Bi-LSTM estándar,Persistencia,Tendencia lineal,Bi-NOA-LSTM,Bi-LSTM estándar,Persistencia,Tendencia lineal
h,,,,,,,,,,,,
1,12.875292843517606,16.719087257697403,14.776142565842962,18.25451322160665,12.875292843517606,16.719087257697403,14.776142565842962,18.25451322160665,,,,
2,17.801833302957156,21.505598729279537,19.745935083222687,22.98864477198961,17.75655672909838,21.479732252327974,19.706299153996714,22.92920398409319,112.44963989607415,94.74449570144778,111.19295346783797,146.38425673028857
3,23.5291332053436,27.283080363278323,24.7519914302283,28.420795291223154,22.905044255934737,26.70623010581335,24.18951742407504,27.88865870553204,209.21821451593271,217.23575469372665,204.1267231205771,213.29739854912094
4,22.800528950815526,27.80444312112625,25.15117316605822,29.387338953757997,13.680299279328644,21.03729727773686,17.636872741889757,23.10067913406669,325.75184855500925,325.07085552353226,320.42965510148053,324.9440932582524
5,23.513558719212494,28.761667074708292,26.423030804516557,31.20199731836722,14.847785471287294,22.211789231735665,19.30727969483461,25.254518072704926,325.95759992205234,327.07842090455887,322.7382862228473,328.22554677969464
6,26.484782754768098,30.360613518851654,28.579140090341188,34.234586066791415,18.700100486200277,23.668357682367983,21.665351677110433,28.480479180838728,335.4689518308843,340.41710954799896,333.56447013291785,340.4547191691892
7,26.925045461125887,30.07731580785697,28.385513337963623,34.31445516561785,19.735956238997325,23.73798791319212,21.773152932974476,28.87634943778164,333.701067588203,336.77419266887347,331.94814797090197,338.39235424271556
8,25.05216248118233,34.1997897377154,25.935236033068612,33.18526063709459,17.513667462489195,29.122779445633682,18.84038742403567,27.79186204296524,331.3069031675092,332.43456696696836,329.72545255195513,336.08924788777034
9,26.091010471367326,36.842232614789886,28.818295665851284,36.33735252374569,18.576070975957297,31.95204346095828,22.268907887054198,31.2165406889083,327.49615808311114,328.8881051070771,327.20090654576774,333.393143884878
10,28.967576191484902,40.26556473470217,31.746595866466922,39.439877643225834,21.94576701971611,35.71666694110732,25.64388030233616,34.603930571213255,315.25892844191253,311.28566478024635,312.33631403004944,316.64047907426936
11,29.835076796952052,39.20066130493988,32.13814452334131,40.85522503378837,15.39827199832841,29.78481020255786,19.80151830621809,31.731961333495548,326.92464207758184,327.0525797197849,324.08610209941213,330.3832456038868
12,32.37146169179908,37.582280035748695,33.20263440664093,42.594482563700055,19.75066222323724,27.323403543320826,21.47574813809249,33.90688131788587,329.7235773964949,332.2612491582916,325.65710772347506,332.5589451412709
13,33.798873173664035,38.75427242824618,34.33197971897396,43.29280183803845,21.410070154693734,28.48574967556531,22.644448010904,34.4110810886504,336.29182122710654,338.39743650927056,331.92273354486855,338.87196966734126
14,32.74974471581589,39.406096041731494,34.82441740892788,45.90066168163758,19.646958062752944,29.103666566749528,23.32196835510849,37.44076898629971,337.32027311480994,342.6799947434821,333.19137943715634,343.3063613206053
15,30.9151816827168,38.05051450436581,33.13334924911833,45.84810212460775,16.133076503360158,26.962752367991655,20.651264086305382,37.20167380041669,333.94149173627386,340.6517829264498,328.36453325125615,340.9660605027718
16,32.72638850865606,40.570158786331454,34.822000209886625,47.044197863194064,18.592434898116004,29.90105201942046,22.588701538581255,38.2430868486419,330.7511247921998,337.5394677584544,325.7308783411285,338.10445635030914
17,35.77249394478512,42.15112250723344,37.35667463506932,50.65336139602041,23.519289004998054,32.02601640697753,26.490523498336238,42.73204784103308,323.0957995107118,329.1965715733814,316.0062337584808,327.95327893990634
18,34.39830911679804,42.02976308535246,36.386852141554115,51.340729020088254,15.866867015472707,28.522338858281977,20.964493688043586,41.15149589914936,323.1767535018849,327.7329009111678,315.2372758384007,327.2742650452726
19,35.61115060110239,42.7583552585754,37.30212202491698,53.05740468211009,18.424036775288734,29.48308799341769,22.58247774705162,43.28299529608471,324.5568239982673,330.59695334292627,316.4933864021073,329.14512366740536
20,35.2346506792839,43.59263676731077,36.450816929039426,52.37165147499617,17.158572759753433,30.08871154384141,20.614574877440084,42.17022146199006,327.66947633489116,336.7436887484488,320.3050900348701,332.89369105060047
21,36.696856383055895,43.648294702999586,38.78002545173369,55.851507398899344,19.64021742201981,29.878987947945195,23.989939944701963,45.98520754855168,328.06470140453337,337.46230646902274,322.77516769360375,338.0043099172741
22,35.201891602777515,41.87328265517132,36.88518645881845,55.29725895557301,16.529832636210518,27.41611990472068,20.927973043569747,45.40679480424298,325.9908454608183,332.6798472882925,318.86078124392753,333.70423262053276
23,36.41667113471146,41.68656964185822,36.28644373215279,52.91364523821617,17.453466776193427,26.146346021649595,18.446930518082443,41.678025599547546,325.2379218598227,330.943272988998,318.049239917614,333.8723534256616
24,39.44379611766772,46.44948790880963,40.64134904700661,60.34968116423306,23.191190799063026,33.34149262548925,26.305766416675265,50.9696922354529,321.2488716072279,326.48152600033325,312.21775456920585,328.48507549626476
25,38.579743827678634,45.597861508599756,39.9057744258234,60.478017162577515,16.348325656416343,28.778282335265644,21.166987696109892,49.23014291435749,321.47882697665585,326.2346542578453,311.53626221333366,326.4813977598855
26,39.16545248656099,45.47969886145027,40.64259341431244,62.13810069885752,18.208188522619878,28.599924816245984,22.664880777613302,51.27379373504925,321.0343637485315,328.1083150060148,312.6563088426466,328.4845384156687
27,40.19455859616956,46.52037063985359,41.57145179307376,64.00592558510048,19.780765482278365,29.701233103430916,23.754873162175315,53.247171191005066,324.0315182368106,332.2853276103327,316.2375088400015,332.5905452794246
28,41.31898930469914,47.56237214285631,42.80076132142747,65.21590025492857,20.9043060574212,30.930787014687354,25.249970555813192,54.326753070296704,326.54179290102667,331.80063993053477,316.99041451518445,334.3247085105614
29,39.42197228593051,46.44565138591373,41.0237031513003,66.8920252034956,17.339224259175197,29.29903458215058,22.63154455977202,56.602087483612756,323.3653736754543,329.98929996586793,312.8876696077327,330.0116101705874
30,41.06476227680002,44.22087329294027,43.2223867753795,69.79137064944177,19.170910956235048,23.799690639049754,25.136657068182043,59.36531349677833,321.87338106830157,330.6086361196645,312.10772313664006,330.05407851104115
31,42.96451268566897,49.71713073111286,45.01586318696346,72.92169589184151,23.755663261901937,33.14381092760212,28.563649178639842,63.22504213506223,316.28126507711926,328.149684621991,307.84626377836673,326.2803558007301
32,42.373341271692915,48.84640476727594,44.300350256844716,68.97611567848226,17.647947118580664,28.65852746394446,23.864752257771244,56.903192668732565,316.6593391977569,325.90286613444414,307.24251603931214,324.9662301531328
33,44.21703730018108,49.09323324693176,45.0014684194118,70.47070744420381,21.465960390759893,29.54485763400556,25.380979149088663,58.69030780210392,320.0548782974207,325.22898588172126,308.0239367452144,327.52961611836224
34,45.22368734862914,50.60937377303592,46.11177230730954,72.36670975494296,22.80170398651325,31.079724711476846,26.77877432230287,60.679891165451934,323.4242037174747,331.40988555587825,311.25511041197063,331.34136405908407
35,44.678295102594234,51.59109150371075,47.27991832479208,72.92774979171736,21.253074271939447,31.499754361250492,28.011201120070574,60.917093726418265,320.9064654282927,334.38944512149925,311.59912410657495,332.30944911581776
36,42.960688406781514,49.668303582418645,45.512628474609215,74.50533902707329,18.08186746974778,28.670780863000807,25.366019384439017,63.01230961436363,318.44335862760255,332.1216957793012,309.3310448512564,330.40109020999444
37,45.580068869333715,52.14741170567635,47.67659727745597,75.94498190260896,22.430821346376067,31.850215809140632,28.13486876419556,64.46449988395625,319.0398273264626,332.70697343024784,309.99608299847773,328.41393722890695
38,48.09084659363615,53.53131504391534,49.04765380168563,79.85701710040847,26.720465420912358,34.569080470218765,30.694334356657038,68.9208107028955,324.6625488059119,332.5519066522696,311.0940108158123,333.6109759663595
39,46.91581617021279,52.60840311984838,48.42065909007563,75.12466320682054,19.559395985799046,29.64217372041059,26.14464569301582,61.50368345829934,318.9419127649781,325.80158848720004,305.3645861072384,327.85945643703104
40,46.754746213587396,53.46406442157935,48.86407664884358,75.98366560745042,20.369014489615235,30.62819816379682,27.26853390604507,62.517737293174584,316.98636448605964,330.80769167445914,305.99765900691034,330.57743638959835
41,47.76458182202575,54.33507042590049,49.86247815480564,77.56659675070424,22.02172730291036,31.556894525130748,28.529046314475952,64.1581198156757,319.3507104468455,333.9663047365788,308.70723028383236,333.8885031166804
42,48.974136216691136,54.902225998079494,51.11526516556934,79.68833769355429,23.352138407948896,31.722125105706212,29.770654724328264,66.19476539291348,319.7417609720893,333.453487437013,309.2331361548733,335.2617182787144
43,47.80211808006902,53.42903999730147,49.49897029292312,79.66388670718177,20.650687781537997,30.06798809080545,27.463076464799048,66.39330684488668,321.28171046927474,329.82905031182645,307.4947760489332,334.0809510784785
44,49.80686141061213,56.24278651180825,51.51558612177059,82.9193195484309,23.296112210034238,33.196440303606515,29.73750934916722,69.57639150007176,322.36376236682725,333.2432344494372,308.6635590331113,336.7134619214546
45,50.81450947322839,57.654338549613925,52.59321741876913,84.13565337597525,26.241886608800762,35.478261922767736,32.10520806295046,71.31768489571537,322.0182059943819,337.0666859830112,308.92219102697,336.8759885050468
46,50.305670827049,56.18881058861918,52.0462537301876,84.00592776955548,20.572964894145358,29.659053855401265,27.787615812049214,69.45000419797934,316.70164002257224,329.87624186100305,304.23074901786833,332.6931559814655
47,50.657611841239074,56.34902896341205,52.232454870803274,84.46062046039839,22.1373041753809,30.5598667810882,28.58245427249765,70.09803152220927,316.7132733104489,329.6853946519783,304.4797983608007,334.12757349527783
48,52.11599117241094,57.12407883237659,53.09323562388262,85.87532047949821,23.847033900132665,31.7670196536119,29.619021725697465,71.52734871361218,322.19883408453336,330.72456473890605,306.96354803080146,337.1897482157695
49,52.909074071792,58.276286978874694,54.29892803354998,88.23441743253424,24.581307688305543,32.7200833323117,31.125147361089965,73.98444887942999,323.2503822314886,333.3588353579554,307.66077566832604,338.92919237645094
50,50.93828445212364,57.05965749935359,52.948587753518744,88.05080975521574,20.62806010814138,29.854847998435663,28.832100252127404,73.78267700190345,320.2515413827679,334.99626191117835,306.09557179006293,337.8833018483852
51,52.84431327027767,58.70214194134781,54.43880107975045,89.44274785070137,23.371708745178058,32.45324076598369,30.08496944339369,74.64643548964338,320.9681463027969,331.9762379535312,307.91518961474117,341.07517483124246
52,54.10426435492789,59.808164501400704,55.75464975528105,92.09200354760856,26.7943061403828,34.704305774289395,33.039635073427334,78.14816268085167,320.9498103164183,333.2499173608401,307.3690196108165,340.6062437713348
53,51.960056796682686,56.79437718062678,53.16761826188117,91.74564565588895,22.436616254484964,30.907535105084644,29.36506881812534,78.09023007001272,311.713217418618,317.5977399093289,295.49280412608505,328.878560749332
54,52.04606214843083,57.41929303998942,53.4620952953497,92.49232680976847,23.67458570144929,31.90207022020241,30.33290039380132,79.11322012222344,310.9777672127626,320.9735166077396,296.0735276974932,330.170216722523
55,52.337141353034234,58.207001279616044,54.281389466121816,93.92483463063897,23.881900463352736,32.18874811174862,31.263269175611015,80.53752656705447,312.4669626471162,326.0311624287275,298.5008098991353,333.1882274054349
56,53.179303684281194,58.934794494147184,55.56462152720191,96.21643643621063,24.826100140478918,33.14797868830677,32.85444819707721,82.86622500962585,312.8952718379428,324.8813118319957,299.0095354839243,334.71115860944803
57,51.99873709173379,57.81660718983761,54.04110700875801,95.91884660080378,22.130849625069885,30.780592397718866,30.35815612841101,82.56629342590676,312.29476482621897,325.4660637046088,297.53166200612867,333.5690995207363
58,55.08202864086697,60.05321597580674,56.00511540119561,99.8308611514679,25.90884670350342,33.46276717463325,32.51092029137375,86.49312538658906,317.50099521089453,326.3511791245854,298.65117723026793,335.8618314021028
59,55.924198018819524,61.05392841580689,56.99024372720555,100.71728330600891,28.966627823638216,35.773669931760686,34.69743490578174,87.74097458509151,315.33330735679283,326.7145299126059,298.775761081463,336.24476352581127
60,52.991911166462565,57.89437600256907,54.43975830754436,100.12894058473205,23.710758564679487,30.766951659127603,31.079768032128555,86.75690201425944,304.6015375258465,315.75909584887097,288.08730059852996,331.87226159198036
61,52.83624836279636,57.869143445645406,54.74737880097731,101.01696132997289,24.1423339034996,31.92610189286423,32.03993378897321,87.91606732193335,304.7016585387905,313.56487195975023,288.689523505056,333.34023267482013
62,54.15558128541053,58.76266202409174,55.649575205133665,102.6361380133709,26.045026759967996,33.0119530904314,33.12057683529737,89.54498438606517,307.9708563348542,315.91303254877704,290.9141887469269,336.3093644524882
63,55.14674694398341,59.35107017530745,56.9982655604944,105.19697801121482,26.569824176806492,33.77496751678602,34.75577502592475,92.1087446219345,310.5407568813529,314.2934742650012,291.3248452307089,338.15135097833655
64,53.325075435576615,58.439718014363756,55.51048514477838,105.52559280662004,23.668666635262746,31.769718139438545,32.40689246461014,92.54874929682856,306.5140759818042,315.2958056567465,290.047879401279,337.1873448698991
65,55.45944463812066,60.48384051026965,57.46472384620453,109.29103162809038,26.265506797890104,33.47328312542874,34.49786400776286,96.27239619170876,308.017953789007,318.2836629560424,290.80482013134184,338.9878930805372
66,56.25295134366461,61.48829045166672,58.40287435677801,111.37320501352694,28.998308363546553,36.198594083899266,36.52422201591274,98.86089857109707,306.97480402831434,317.19202006862815,291.2283394012395,339.86289747876503
67,53.612142742639,58.695157952106875,55.82730521521292,110.3803332826394,24.163553515940865,32.26098257978102,33.0255406362772,95.30367750822623,297.81758187217974,305.8373690110254,281.12501328320815,358.30121907672657
68,54.275321097300804,58.968416845026304,56.17179847475521,111.61628992359574,25.57026135023095,33.54951477920208,34.02241019734538,96.85797142124026,300.6231659548411,305.2609720348808,281.70970275428493,360.30771855386274
69,55.10544920341996,59.766221538581604,57.01168708730521,112.99089761115093,27.007014533109906,34.518638811826186,34.979192460811646,98.16517784674954,301.7402341739069,307.2068928279714,283.83664462211044,363.5698793427494
70,56.07015332000537,61.01911325909482,58.48879741022461,116.03681479968037,27.632560997031117,35.3511955438699,36.75341125759108,101.17068474592284,303.4628132231756,310.09084608270564,284.21158096368094,366.2311575623714
71,54.61361089419059,59.77584563687002,56.9881218739969,115.96260116173276,25.279525866012584,33.7753189665527,34.465548200803596,101.12915650468054,300.76939659576254,307.1919884392522,283.07779780862666,365.5801778906307
72,57.38363372547826,62.08811940694625,58.95617202612104,119.57502426349903,29.04095531255288,36.26576096036107,36.51411856869348,104.51219954623666,302.1497148272064,308.3795471243767,283.6364751559246,368.18915797834626
73,59.53515990230818,62.6541690865675,59.89424773629425,121.22715832887154,33.14768316143109,38.229944929808404,38.48315617267378,106.64789688269121,305.26801833089814,306.9890438876283,284.244082568023,369.41939526816185
74,55.73353262607168,59.698013091951985,57.12104588341545,120.18022938905386,25.511888564256836,33.064802288901504,34.704179834762854,104.68732104726439,298.8570622820407,300.5110636113823,274.83720298034433,369.81501374946004
75,55.88003404070194,60.293821057228925,57.4097361292037,121.38338118687848,26.258490095905593,34.25575834507381,35.58685881984236,106.20166749560252,300.19813879403705,302.75749167588594,275.4280118428171,371.85329984387283
76,56.728662191256745,61.01285773919135,58.325239194830395,122.64439499162113,27.84283358472904,35.22770043086786,36.64912306441262,107.36360440906694,300.9428557182378,304.06143493723636,277.50928287097685,375.11688797356175
77,58.16381218045678,61.89476860898042,59.891051633585626,125.8303611426834,29.464368646216247,36.16078531645778,38.52324442855165,110.49682772092278,302.2403969906246,303.4696120729835,277.7457924478458,377.6045884162946
78,57.57091201784976,60.3473606568933,58.37715041624384,125.24417121749212,27.836099973161723,33.93066976331566,36.28767755104808,109.8623689941502,303.56869561429875,301.27320330683267,276.6931782077943,377.0869253083579
79,59.20689716473871,63.03877391994969,60.12134375790427,129.5681558405017,29.908328386359763,36.693527542704736,37.872068927713364,113.94368511822583,302.07663747626634,303.76639355060667,277.2836661620385,380.33145666360406
80,60.571624098112274,64.08189039303784,61.191690625475665,129.45416989876733,32.94436811326728,38.73364707606711,40.07730838393372,114.06723140224011,303.95309449364646,305.94316631293395,277.7943968467277,381.3518630117994
81,57.36450930265298,60.52028727071437,58.72687416232725,129.31672092456807,26.480705837896917,33.444031569423395,37.00509289205071,114.82002696729478,297.6896207757224,295.80365564279396,268.27589805500895,365.16640813415887
82,58.33953091954878,61.02561099671123,58.981180435178295,130.30499561811834,28.22315577186781,34.90618390622691,37.80830842374239,116.07673326591014,301.52755976022485,296.3778593854264,268.83841876491033,366.9628359946878
83,59.58617367048187,61.75276306115,59.74043243256569,131.4444242457016,29.757963646550166,35.71686814390767,38.60152877050127,117.10477936827021,304.9814012827321,298.3357350451669,270.84229520464856,370.033238463194
84,59.66725938595821,62.51641893605128,61.35725200858621,134.49621759662753,30.052434164049913,36.00049903156076,40.467556383425354,120.01835738722849,301.16412967769884,299.2988536787225,271.1538451024262,372.74151820340023
85,57.858826380368626,60.67242348683252,59.18532162523944,132.91782275354439,26.04785058940635,32.72676927775792,37.209368190859045,118.23207500015408,301.651987507722,298.9788536159438,270.30186613559715,372.5314292675133
86,59.409466771408525,61.74413650905139,60.33901893044543,136.85752714530742,27.35312623028758,32.971042613187656,37.97258343974913,121.85323486585602,305.7894942144319,303.27715773818545,273.4536671463546,379.8808140612317
87,60.393015061031996,61.7784172480613,60.78563298198,135.41002885485193,29.849389329644946,34.05167191846473,39.01529557276331,120.39370617035789,304.071169627832,299.0481977347081,271.48047521757144,376.96754965145584
88,57.422304007976095,59.127732331719315,58.69515559860339,135.6431915303571,26.884252729474046,32.65907906508277,38.095136333592144,121.72255210959602,288.15407564139196,280.6032582329635,255.33648379922369,359.6624761565429
89,57.71012236219534,59.53096383052715,58.79906499551849,136.22625899427436,28.271037267258233,34.07855297447732,38.65649746498972,122.52534405207867,288.48390510008915,280.61643619524557,255.76490607415536,361.18234919473275
90,58.74284226520722,60.52419934207131,59.76352808697515,138.07302271024764,29.728204246416865,35.07973959846004,39.75267672614257,124.35436761992133,290.63992136399054,283.62486300781137,257.73316822660775,364.2742953556607
91,59.683490548825354,61.5272098833572,61.331069146697644,140.93729445875184,30.608199597846657,36.06753877046151,41.564845173011115,127.12700231430193,290.525794332186,283.3748007908706,257.6684570487925,365.87630647015027
92,58.20385938542763,59.06479238698505,59.54574886740743,140.7592286142621,27.317921711609554,32.0139449691049,39.01830553362541,126.95974040750882,291.4075894939551,282.0204688063832,256.89755985858494,365.84818723924974
93,59.69710378200217,60.2767031937628,61.13915277921901,146.62628525685784,28.776557406309934,32.6029999582677,40.50631197977216,132.77283629822574,294.1278411751338,285.6007957337561,259.47640244020636,372.6399523530375
94,60.96743132735646,60.828418651261764,61.94122217207716,146.37821923701784,32.01893577671386,34.0354798157882,42.03408267551331,132.70419949534445,291.91369653616306,283.9917257533214,257.8815347919058,370.08652103957263
95,57.87734063845899,57.641443312449816,59.727121720819824,145.77672021441214,27.90180022460654,32.29551912805711,40.06061043646239,131.66581026403114,279.801249396527,264.1189270319471,246.50158129527642,367.901071526244
96,57.703532459644535,58.060721750005584,59.74522922437216,146.12257119563543,28.86471654851873,33.61598370006532,40.461902544202886,132.1787828532451,278.4080763022768,264.49979720808915,246.95411857896795,369.67361555931706
97,59.64160096283033,59.63367259316953,60.8265770552623,148.46525484451723,31.633598702492513,36.39014164706501,41.69856967675417,134.54144824704426,281.9904994719534,264.3396530567162,248.94121712537705,373.00162703414287
98,60.83744290262211,60.944599843606156,62.555898275993364,151.60723795570578,32.78839865088469,37.74798351877461,43.68527569652089,137.5399613777624,282.3704816371381,264.5667531681367,248.91312487087353,375.1644196121756
99,59.71894114001828,59.65585318019726,60.91652073534851,152.23302918855038,30.297842128585,35.6820238474719,41.44007206695356,138.2636684810766,283.729756595906,264.49246786320697,248.24092522046408,375.58218189944336
100,61.74272138202208,61.459400426594975,62.6323429107149,158.71881247698673,32.28363294979175,37.238661129974645,43.08148525216161,144.67443807337548,287.46022935325607,267.9599353419152,250.47077955366552,382.67726522980763
101,62.96867173485443,62.083293105892025,63.725397142205196,158.90135433983028,35.33406984713452,38.796173306057334,44.989046649465756,145.10460165061417,285.20184883472325,266.0184396420216,249.1541628414363,380.41389593355836
102,60.30710607217293,59.73333161044008,61.33758016137412,158.12360636238841,30.688372786565065,36.622386102105736,42.134122153774705,141.6508858409801,278.6358524056412,254.38362546004146,241.49435632095395,400.7342643185551
103,60.033020593591004,59.799063811849436,61.319121131283595,158.1830387345054,30.87733219253447,36.961954323399866,42.46305896215089,141.83508907554346,278.98297980057185,255.84904172024696,241.997452428374,402.95807353530205
104,61.42047326034321,60.98367095583289,62.344197730344966,160.30329577347592,32.63971822843601,38.176154666071355,43.59752773763924,143.9400989109026,282.1067426551037,258.9474348032582,243.9371654680705,406.34319138563325
105,62.47807329765164,62.00836161405511,64.31230357451872,163.94050491410795,33.52699322845238,38.81730275370182,45.855241473199335,147.35209109176498,282.2175127389398,259.9329562371973,244.0240132978249,409.3865453721354
106,61.51377309219652,60.61189505051277,62.699796380969204,163.63791754779683,31.871120834916173,37.166622340622794,43.70526354705411,147.0297011688051,282.04928749486993,257.7215164687891,243.41583584381564,409.8804077834099
107,64.33638551049083,62.892187048980006,64.37861113461815,169.426075550713,35.33807911896195,40.05052065550041,45.25318538986864,152.50348473348618,285.3415559148176,258.50447551972655,245.36854985444825,417.57120108025526
108,65.35613267932382,64.0774245610286,65.47221072923097,168.533166590097,38.11118766148042,42.1388895234245,47.13277209273583,151.8221658573192,282.6484943767355,258.097719394706,244.30170338842248,414.7410592094289
109,63.13753489704548,61.60329882645097,63.36990187737157,167.72722999855145,32.826446686859434,37.617020769367905,44.68653344384962,152.00971150457846,281.6037366188261,255.76614365327706,237.25151162580988,397.8097171057113
110,63.1390406259812,61.326749814585476,63.23072067053555,167.56794846041518,33.55814273168061,37.250192641656454,44.82883819207148,151.95618379289328,282.0594421065769,257.80924820817256,237.76864338206565,399.8374297226829
111,64.05478930491206,62.03550334966645,64.08829322756064,169.47953179771247,34.93748429406542,38.24614981040539,45.7112177602316,153.83104066345112,283.2935027594686,258.6048753820955,239.61859525502794,402.9760917039238
112,65.59269635154504,63.49823836461668,66.11434986634593,172.88904097372122,36.65108127567087,39.87846312162101,47.982665688528975,156.9248446261177,283.33517838637516,258.311476470255,239.76628611962593,406.29754911310334
113,64.2244960989404,61.892705413838826,64.10577431391961,171.44199946593173,34.501782535125656,37.473811072723315,45.30987670162665,155.3508351141707,282.6191501700637,257.8104188452716,239.16026677129335,406.36737726447586
114,65.73994162983534,63.47692449666241,65.25058136347319,176.4445671549476,34.83048805065229,38.62821280568057,46.000853292125086,159.88419147431995,287.21936150575726,260.4482892952293,241.06577645830558,413.76078681730763
115,67.50149682992138,65.85145445570683,66.02531937145179,174.43057420811726,38.53403516864494,42.19436559680294,47.464250037464154,157.98343972178083,286.75761451583605,262.62760800637926,240.05783583158288,410.70780491333
116,64.4136026616831,62.55762202592466,64.17357226576071,164.64998238559653,34.24578162040629,37.218436902266184,46.19043912628449,153.6520633140513,277.27806676913644,256.31464504847617,229.3882127668645,335.64369667990286
117,64.80086861320738,62.64733829099889,64.15134213722513,165.04621249899358,35.470155936295384,38.189285073851266,46.49174961345168,154.18022591341241,278.50939390969853,255.83112543663472,229.9103392852038,337.3019700964998
118,64.82383711537534,62.93203954846055,64.77474123145103,166.42122079092366,35.34032836961782,38.631876091679025,47.035740760298054,155.48139832836213,279.0592594361237,255.98638629856546,231.6784778269436,339.9216787396671
119,65.90724238089982,64.46678911861586,66.94970142086173,168.12414901168657,35.944011687772864,40.30287114917136,49.48473323264307,156.85100662101271,279.7027194784069,255.83595824375732,231.77108133438662,342.002910632212
120,63.66354332954211,62.38688694352484,64.85990266390917,166.69080503900713,32.61241483904055,36.103592612102155,46.787943578802235,155.35704443412553,277.299157998853,258.7806521403704,231.01967390874282,341.64639883385183
121,64.92128527933637,63.93810140250364,66.15864805141571,172.18630587871786,33.73579426370017,37.32543214408768,47.74867421396921,160.75560580061116,277.5790384948324,260.54839508294316,232.4239651729308,346.03978615918595
122,67.3180554320556,64.68809883629213,66.75018519287694,170.1414708802737,37.59165758293768,39.2248993774216,48.914172813087745,158.64068081385534,280.9556297782765,259.4469400252771,231.67895113454298,345.19935499262505
123,63.2820628849952,61.41918645544959,64.93339872022455,167.4467972605177,33.537730844951135,36.66770342270772,47.61599953031611,157.60649903573767,265.4726185297791,244.55989532011637,221.81903209432465,319.16685088467585
124,62.81002036371605,61.35431839984036,64.85399132658942,168.79700272644675,33.55571209201004,37.47929432643182,47.82674174342905,159.17065233252544,265.332032702124,243.69934138613203,222.33964980019852,320.8062612984333
125,63.366584533297505,62.38308657284337,65.63175905473392,170.01808649825912,34.40295707044121,38.34429708712745,48.56401298997902,160.27570169929766,266.0253046483965,246.92380741001315,224.17302273442016,323.6691176079204
126,64.8487235738138,64.09564448876525,67.94854081753877,171.93190333690094,36.297589563175265,40.3950162914641,51.18028504621911,161.9341810091859,264.9327685462938,246.36035598998689,224.18646694680913,325.31205885766184
127,64.05674430354597,63.14381918069416,66.22469841253509,171.60795321597672,34.88825470232855,39.104604677257214,49.04862246980665,161.63724023241886,265.57474762172353,246.09034962434518,223.50973377887178,325.4615756024139
128,66.7574625506591,64.49095281955655,67.879439199412,178.47166173002483,36.96699409313142,40.16797590102104,50.48965763927431,168.55585604784017,270.8714679603529,246.84560578613957,224.75633825987288,329.539663354223
129,67.02793577697136,65.25405199797547,68.74704336067605,177.1253100827999,38.98865874343383,41.69598234158754,52.03116231731511,167.23859216124097,267.3077256697919,247.00713650757604,224.06182429484426,328.73268122093015
130,61.467358804835946,62.33910732876856,66.89558988308406,172.85856851932584,33.350666584960194,39.02027492140038,50.099402747527655,161.31446622810628,248.8686438690283,235.4719678235168,217.5832306048726,337.6911673467394
131,61.16514840807132,62.5258323698334,66.79627913356853,175.77887733097674,33.73297348289824,39.87121430397059,50.261057470825676,164.64680147205965,248.533585540527,235.83470580466403,218.1888277741264,339.6629696281995
132,62.33982061220875,63.7080126589577,67.35666163087602,176.81632828318695,35.18537230015854,41.168927809028695,50.699612908824115,165.57149938597072,250.83194424770915,238.22143123460816,219.93252952050716,342.1756055045927
133,64.54579523142709,65.23237243861762,69.4966600958561,180.66170088020615,37.43528530078481,42.948327663082075,53.01529774820061,169.29466504730266,252.62541566413154,237.21187434276825,219.9909019228554,344.1928142875569
134,62.51718701403083,63.65585418943238,67.85054646851597,180.0485065586201,33.86211809001151,40.7960781111987,51.00018611872245,168.64314985382146,252.9627584090145,236.63752320084348,219.48070257032842,344.8706023578349
135,64.21814865085948,65.72971223090116,69.6655666082023,187.2152793637666,35.679777027506326,42.369000565606505,52.61198243235514,175.7760399686939,253.10633720550268,239.60889713009098,220.66889809447085,349.7855587112521
136,65.20366696019322,66.62181589680031,70.64446576373756,185.8184566841505,38.710075187228966,44.481102847711405,54.298811688659676,174.41681854341485,250.67445859562636,238.29866361838916,220.1165915098781,349.18933303159474
137,64.21055944005508,64.04700515720981,67.9810079200185,158.2100760890896,35.1510059003622,38.24297930855388,49.146111566520545,143.1945520813539,252.36041575579188,241.9727364387496,223.89613046617788,344.07822353841624
138,64.36876349115653,63.823664337656034,67.78195213707698,161.2139311425123,35.458824926921764,38.65652689068471,49.23491124065538,146.8448625084853,254.96384031351232,241.79526078119218,224.41997635659496,345.457707520377
139,65.00778308680225,64.94040998245184,68.41689436998253,162.8226087346207,36.11262631651364,39.86103485149124,49.79871642750933,148.42899019596007,256.604604032098,244.22691083920472,226.0465227464626,347.83754808110626
140,66.57939077949578,66.51401912180157,70.59349838101684,166.71982805251054,38.15736126411138,41.486023853178054,52.27969318034625,152.22597251853662,257.6215210351223,246.29925247221348,227.60215947960606,352.10319723147586
141,64.62812642882963,64.40831363609291,68.83847520366204,165.46304537014643,35.36719061891865,38.794017004331664,50.119818386960794,150.95010649751242,256.12335147598463,244.21398356393343,226.8986133257733,351.81835531782946
142,67.3063100475122,66.37338113909246,70.41949602690025,170.2493813098907,38.17665819215288,40.06093954952228,51.27057136164742,155.33697452354548,258.3461290281882,247.200498588917,228.33997137468805,356.7766938181734
143,68.7998694200399,67.13585562390588,71.44771368027875,169.64449143374407,41.10553802437206,42.31028020330266,53.20927044816052,154.8909877260826,259.2359568944404,245.5036608501977,227.52351365526226,356.438732223265
144,66.08709165561355,65.222156887407,69.77176044661505,167.0940177769897,36.595215080381394,35.83527188211798,50.719226335051154,154.14544716086945,254.2373687110841,251.71051543742223,224.84732552852907,332.72308381685946
145,65.86443591866909,65.3483058699807,69.46914884793654,167.37411249529507,36.97237320088282,36.40662233729788,50.684936711225106,154.6292622720939,254.60074527529304,253.41723238864205,225.32470022847346,333.9999839632901
146,66.44358557140367,65.78439007912888,70.38166487870647,170.1791936242818,37.66810898018373,36.90105937773649,51.644745010107,157.52481660986555,255.7359939873673,254.36927195741222,226.93018849348312,336.71694869355605
147,68.18717690859478,67.65657430514447,72.69809964449207,172.78908395679213,40.007792150189836,38.8495999220594,54.24952379396389,160.0147481902657,256.5081772467816,257.11961487028447,228.59429232327543,339.2926715951118
148,66.55405377849465,65.63823370581669,70.76153763433878,171.1664463497232,37.34747625897103,35.62671449614731,51.87468258025104,158.3156961981903,256.6658317992592,256.60776331500716,227.83388697555154,339.1670292797795
149,68.21588137180636,67.21713299824583,72.09144112536674,172.36296803558932,37.74662600447044,35.88804855639726,52.5952471014012,158.66901622278033,259.95995442773625,259.75940291430555,229.29460168160224,343.5991148327197
150,69.33638954246717,69.3935410216474,73.11425642933442,174.45493325436365,40.70889071552396,40.59793691082348,54.59720989445926,161.1218872269845,259.1178302869242,259.77944862513556,228.33768760239,344.91370966720996
151,66.0331591569965,66.61134818753428,71.06985912029464,166.36189474016558,37.36738691423843,36.816094571475794,52.99709981153076,158.26903422980533,248.8514443733338,253.549849404485,220.45094850496508,280.53612618834967
152,66.07718925688923,66.58300053545663,70.96825139383049,166.43958448589146,38.27074583621297,37.327627180037965,53.10330222311183,158.43304984729323,246.81518364619356,252.35343836491924,219.62929888960662,279.99649398145823
153,66.91724253428379,66.89278564954536,71.59890341964946,168.22675523011785,38.99535904077631,37.695540969279925,53.64154310316024,160.1691572412969,249.2302717651968,252.96547773361806,221.26795527446444,282.61771910984965
154,68.53608103822127,68.91245294633197,73.97471275541706,168.2296395469741,40.430289102229565,40.27573225726602,56.28218024513383,160.13566294503224,251.8064055056044,254.34033347349595,222.82407413508597,281.5145412303567
155,66.66526551309099,66.95554945282035,72.13932677712758,168.21892644771305,37.44615673492088,37.093112890156476,54.093346972686994,160.03883679431613,251.73406343560345,254.30279920752912,222.10323690520437,283.3915087322947
156,68.62911306274255,69.47192859785088,73.75387620792308,169.88492668047954,39.10804941880384,39.36433448767781,55.20934891755148,161.3167759634988,252.72029179682303,256.4659671091297,223.4338567555439,285.73363449960357
157,70.08928207634885,70.2283721675568,74.71966999456045,172.12526311628065,42.88163798972945,41.761109278859074,57.08297282070288,163.64263264557744,251.11429912514777,255.42382122083285,222.61562221524918,288.9767131081237
158,66.64008367019214,67.07704917661965,72.77001188753673,171.9553126150814,39.550306668317184,38.26195842685727,55.328393014959296,163.22306740648645,240.71307774577372,246.88542234296335,216.44653599247175,289.83425688344533
159,66.2752338374768,67.24288507789582,72.66997026870503,171.9280064314502,39.21772386217816,39.18999772108549,55.42387161001828,163.26298876882814,240.2381596629614,245.55594085077576,215.75212105963826,289.51053448912114
160,66.94649532719679,68.16040313248055,73.34604777734395,173.5507153519716,39.381435240575485,39.943809373248875,56.0254865781433,164.82968655272606,243.38032394574213,248.25070999823294,217.34601167287659,291.97137846283516
161,68.9209528965444,69.97253107515883,75.72679172543596,173.70943617671676,41.61257317378226,41.70077514004919,58.62507229788825,164.923796908806,245.19205403097163,250.61839203794133,218.8171695192724,291.115516898979
162,67.1335820336302,67.82760153566201,73.87612946070237,176.99105093905771,39.715140273684995,38.3282068681684,56.457417655255455,168.32589117914588,242.59544516394013,250.38302238032202,218.1089578623297,294.67394852705337
163,69.46647381161499,70.0954901562004,75.15327944251815,182.15877670650207,41.51434291463737,40.22546189540498,57.0811447878385,173.43031323617262,244.8461232502433,251.93139715850992,219.34701563094256,297.21072406914027
164,70.22403338210067,71.11719868575199,76.49376856324504,181.3756155191504,43.95248662186401,43.586700283775244,59.50643668810004,172.67641404136273,243.55468270162453,249.6290539968791,218.49578232241103,297.895840353602
165,67.29929655829844,67.833055245069,74.57231748401341,173.68993920218512,39.6216912932373,39.44168616395928,56.62273144229457,163.8604384731719,239.20865562428546,242.55014807353288,217.92366321359992,298.73966575022166
166,67.18843568686903,67.7943378148348,74.39469049373005,173.13663439525325,39.802796931616214,39.875857303741434,56.65236472584375,163.38557548989914,238.6679659471748,241.66914536115638,217.14982407988052,297.8506183807009
167,68.43577249438121,68.92876989900837,74.63269552119712,174.28148117772918,41.89148746502858,41.275968628056766,56.66413690866331,164.44860112662832,238.9672424844255,243.5192136482962,218.63335762463527,299.9903622366535
168,70.21303875707137,70.75864239968392,77.3201517915221,178.34818636193947,43.5224095642993,43.32166118835639,59.58381276205979,168.5688691682069,241.24015032861686,244.80453056193278,220.42145002085263,302.222213015248
169,67.90368495343446,68.85211806484338,75.49664922651776,182.0504957491039,39.73577725621391,40.80996140759906,57.478677425006424,172.48811179126133,241.78234253080902,243.6294910442889,219.66252256481758,305.53687251704474
170,70.25010324066237,71.03826225296007,77.00361792483116,189.20499465133432,42.15974949591831,42.31401535180436,58.46866494339745,179.75329995255106,244.12720611283322,247.81367051986072,222.25657603622653,310.1100168323044
171,71.61462578704555,72.14342816756681,78.25015550271912,187.17666549476385,45.2643206923651,44.95618855207929,60.691090915581555,177.76231682583924,242.12547703762283,245.9758344957429,220.22790184106958,307.7541370564437
172,69.01444153388921,69.27517100204972,76.4547569402011,187.22896437733866,42.153036123912976,41.34381334972165,58.71872893644717,177.56055226650827,236.03300132292787,239.82419490820607,216.2176190998361,308.59465493575533
173,68.69216610349949,69.26837166572199,76.12182801566814,185.9700955961938,41.788553378945146,41.801954912642636,58.54875168512138,176.32158896089243,236.11067370113227,239.10933853115216,215.46333041637226,307.5673425048785
174,69.27506727899956,70.02203575523055,76.65371090992059,188.02969662436368,42.16191740381998,42.898044734852725,58.940259498176246,178.37642640479575,238.05721891674932,239.76376996331885,217.05084954485136,309.966890874411
175,71.17999043791896,71.73530907970196,79.05307226198457,193.10399627751227,44.557974258194875,44.21177140490832,61.57981074554944,183.49423562475607,240.35423650269072,244.40276809092205,219.73115106914244,314.9483977702645
176,69.30317277010269,69.7201772631092,77.45128872637603,193.30579129375272,41.903497659080486,41.46520684582116,59.85740351061899,183.79414607034323,239.97380824079482,243.48034618697926,218.7422448142826,315.4409303823044
177,71.5643216076532,71.94238926573811,78.93586621997576,199.6653787123209,44.228049930709425,43.30246389683003,60.7686145100612,190.21178664493604,242.096546862462,246.88233749449643,221.63030301181453,319.60859063472356
178,72.44683436525602,72.9200788399994,80.22586798788483,198.65733084195784,46.15781102232108,45.89442155329298,63.07550936098433,189.31636337703193,241.6268137880956,245.02619063648456,219.8140932027161,318.1563752235982
179,69.25287092287702,70.28446237994905,78.28047495856936,198.66382661998782,42.15744439600988,42.89552707971854,61.318855134113946,189.73015139845626,236.57524352472382,239.76601171245795,215.0960037586364,313.505412753295
180,69.27686678758408,70.00931148293026,77.93419846282816,197.07519376928215,42.90851334301459,42.340956840860684,61.134303368480744,188.1398240193941,235.09707258979333,240.70481694981177,214.32665201362727,312.35574864005224
