,entrenamiento (min),búsqueda SOMA (min),"inferencia (ms por origen, todas las celdas)",inferencia (ms por celda)
A1 · MIMO por EL (Bench. 1.º),3.914482335249583,73.33209962844849,16.73950127192906,0.05579833757309687
A2 · MIMO conjunto (Bench. 1.º),2.820610435803731,103.70795365571976,8.588528633117676,0.028628428777058918
C · ST-GRU (Bench. 2.º),7.17002147436142,0.0,1.6164507184709822,0.005388169061569941
D · TCN (Bench. 3.º),0.7755929946899414,0.0,2.075883320399693,0.006919611067998977
B · Seq2Seq-Att + Kalman (Bench. 4.º),13.352137541770935,0.0,70.71335315704346,0.23571117719014487
Propio · Bi-NOA-LSTM,4.25,0.0,18.326589039393834,0.06108863013131278
Propio · Bi-LSTM,1.95,0.0,1.837233134678432,0.006124110448928107
Persistencia,0.0,0.0,0.09895733424595425,0.0003298577808198475
Tendencia lineal,0.0,0.0,0.3128903252737863,0.001042967750912621
