variable,shap_medio_abs,porcentaje,r2_oob_aprox
v_t0,0.03318115549649035,56.45801487174028,0.7044345382958435
pendiente_30d,0.011010166036170287,18.73389002008026,0.7044345382958435
kA_media7,0.005725145115085471,9.741382517090326,0.7044345382958435
doy_cos,0.0024025985194554744,4.088041567949191,0.7044345382958435
kA_ult,0.0022873108981928533,3.891878711702034,0.7044345382958435
vcel_media7,0.001633888957305407,2.7800757891049934,0.7044345382958435
doy_sin,0.0013016925945053945,2.2148408866229228,0.7044345382958435
vcel_ult,0.0011638174157689513,1.9802451115490465,0.7044345382958435
dow_sin,4.134309230818276e-05,0.07034561893500067,0.7044345382958435
dow_cos,2.4263709290382434e-05,0.04128490522594639,0.7044345382958435
