migracion,lr,layers,hidden,objetivo,segundos
0,0.00353111691382141,2,224,0.005566480546991083,140.32749485969543
0,0.002481624443014984,1,256,0.00556200503347407,66.92338871955872
0,0.0033287363915578388,3,64,0.00591958428272893,203.89691257476807
0,0.0007957412573105527,2,240,0.0053968418960987285,106.25652050971985
0,0.0019396806804067653,3,128,0.006493301006752133,175.3812997341156
1,0.0019456109802488495,2,224,0.005952381702939336,89.94988656044006
1,0.00353111691382141,2,240,0.006080250876261755,93.78617477416992
1,0.00353111691382141,2,224,0.005566480546991083,114.35941958427429
1,0.00032545259818855967,2,256,0.005453319993987604,227.39442777633667
1,0.00017932120743657811,2,224,0.005266193792533541,200.679270029068
1,0.0015745279892728696,1,256,0.005751257766341946,71.21257495880127
1,0.00099899821505292,1,256,0.00603432009844731,55.368513107299805
1,0.000633839119074538,1,256,0.005908587592233278,72.34011101722717
1,0.002481624443014984,2,256,0.005727301342633865,94.28605365753174
1,0.002481624443014984,1,224,0.005820132511743762,36.0942816734314
1,0.0033287363915578388,2,128,0.006202688381208683,104.37809634208679
1,0.0010594327192068051,3,64,0.005736143739658258,259.02576780319214
1,0.000597682266279502,3,64,0.005815826435442766,270.14163970947266
1,0.0033287363915578388,1,256,0.005381411510583775,63.341620206832886
1,0.00019022357859038543,3,64,0.008537578194590079,287.09787940979004
1,0.0019396806804067653,3,176,0.0061495157649861625,159.07314133644104
1,0.0019396806804067653,2,128,0.005492027426149955,208.61302042007446
1,0.0006658558243108084,3,128,0.005726579265518937,189.08565878868103
1,0.00046622639509211086,1,256,0.00585647516175883,51.37094259262085
1,0.0003264476235611061,3,128,0.005484388740678315,320.6088402271271
2,0.002481624443014984,1,256,0.00556200503347407,84.20202946662903
2,0.00030328612005591616,2,224,0.005532819307677714,99.57229042053223
2,0.002481624443014984,1,224,0.005820132511743762,28.65467405319214
2,0.002481624443014984,2,256,0.005727301342633865,79.50285816192627
2,0.002481624443014984,1,192,0.006075820613320352,37.24197864532471
2,0.0033287363915578388,1,240,0.005443108215500914,59.16873478889465
2,0.0003216334464136154,1,256,0.0058548261865098445,67.4533371925354
2,0.0033287363915578388,2,256,0.005580461735668075,84.31285905838013
2,0.0033287363915578388,1,208,0.005195097616302116,49.40915584564209
2,0.0001,1,256,0.0061250170531109175,56.57017469406128
2,0.0004384456718497475,2,240,0.005719257760090284,46.05514359474182
2,0.0002415792889933738,2,240,0.005267901741696595,87.44466423988342
2,0.00013310783209314884,2,240,0.005406704160460479,89.2432656288147
2,0.0007957412573105527,2,208,0.005792260769467641,44.15204429626465
2,0.0007957412573105527,2,240,0.0053968418960987285,43.22079420089722
2,0.0003264476235611061,3,176,0.005679053428869507,108.11913108825684
2,0.0003264476235611061,2,128,0.006006399903342694,51.453187704086304
2,0.0001590725646611495,3,128,0.005831824821767618,101.16186785697937
2,0.00012517642391099266,3,128,0.006235636548389661,106.25697803497314
2,0.0001,3,128,0.006977678804194744,109.36485505104065
3,0.00017932120743657811,2,224,0.005266193792533541,78.94760608673096
3,0.0018558798396999066,2,224,0.005824224308098266,50.349998474121094
3,0.005970475958332088,2,224,0.005568543920239337,44.69274973869324
3,0.01,2,192,0.01023529341756583,32.718886613845825
3,0.00017932120743657811,1,224,0.005785493402209492,32.66389775276184
3,0.00030328612005591616,2,224,0.005532819307677714,59.04636287689209
3,0.00030328612005591616,1,208,0.005493591759984866,55.158541202545166
3,0.00030328612005591616,1,224,0.00571542196856511,34.59338092803955
3,0.00030328612005591616,2,192,0.005526175754734722,95.62130689620972
3,0.00030328612005591616,1,224,0.00571542196856511,45.76936674118042
3,0.0006898387415638844,1,240,0.0055032896355287075,29.603100538253784
3,0.0002415792889933738,2,208,0.005282618784431886,103.3725254535675
3,0.0002415792889933738,1,240,0.005903801834362706,29.67060875892639
3,0.01,2,240,0.008773657882563894,51.33653903007507
3,0.01,2,176,0.007856093681276871,82.92090272903442
3,0.0003264476235611061,2,160,0.005266611271051811,74.00805759429932
3,0.0003264476235611061,1,192,0.005442665554312604,53.14320111274719
3,0.0003264476235611061,3,224,0.005417558860873066,96.05089449882507
3,0.0003264476235611061,1,128,0.005667510499211894,33.569769620895386
3,0.01,1,256,0.005184309542096019,45.655911684036255
