alpha,MSE_norm,RMSE_V,etiqueta
0.0,0.03649090602993965,0.02494522981109631,solo Kalman
1.0,0.024309391155838966,0.020360209329215968,solo red
0.3,0.029850894585251808,0.02256180724055807,α = 0.30
0.35,0.028993023559451103,0.022235246330940085,α = 0.35
0.4,0.0282062366604805,0.02193147163678626,α = 0.40
0.45,0.027490535750985146,0.021651440529403886,α = 0.45
0.5,0.026845915243029594,0.021396085083703924,α = 0.50
0.55,0.026272382587194443,0.021166298457064518,α = 0.55
0.6,0.02576993592083454,0.020962923214071148,α = 0.60
0.65,0.025338569656014442,0.020786733813626862,α = 0.65
0.7,0.024978291243314743,0.020638424933692445,α = 0.70
