fase,epoca,train_mse,segundos,val_mse
early_stopping,1,1.1552958204293533,52.03481578826904,0.036175484787570364
early_stopping,2,1.0870095302801224,53.258641481399536,0.02868226017831048
early_stopping,3,1.0189830993800542,45.12781548500061,0.02924303121356617
early_stopping,4,0.9981391432682961,43.99460244178772,0.027638146099950526
early_stopping,5,0.9682564497503319,42.311341762542725,0.024309390301822432
early_stopping,6,0.9635760895766521,40.410330295562744,0.05893769753326078
early_stopping,7,0.9401175635187838,38.59426021575928,0.0294655421728618
early_stopping,8,0.9285642916502137,56.01379656791687,0.12578719733142008
early_stopping,9,0.9253522140323113,51.85450720787048,0.05078500919026348
early_stopping,10,0.9092098631612258,45.818283796310425,0.10339511422866299
early_stopping,11,0.8889896261568803,35.76364183425903,0.08332581809062788
reentrenamiento,1,0.9933724667257305,39.765602588653564,
reentrenamiento,2,0.9281305824606992,56.009586572647095,
reentrenamiento,3,0.8738780541197483,55.29159641265869,
reentrenamiento,4,0.8549927053424697,54.65597915649414,
reentrenamiento,5,0.8254892577345541,61.73258185386658,
