modelo,grupo,fase,epoca,train_mse,segundos,val_mse
C,AB,early_stopping,1,0.06283720596589457,4.440358638763428,0.015814713530246886
C,AB,early_stopping,2,0.03475611897858303,3.760744333267212,0.014457165011385553
C,AB,early_stopping,3,0.02988855077666786,3.3108737468719482,0.015217959099453957
C,AB,early_stopping,4,0.027443141842129416,3.3038947582244873,0.013752685944810113
C,AB,early_stopping,5,0.026188024563715287,3.4287526607513428,0.014789621843723004
C,AB,early_stopping,6,0.025708512315299935,3.379617691040039,0.01374449178125926
C,AB,early_stopping,7,0.025536827884610713,3.406497001647949,0.014929136319730774
C,AB,early_stopping,8,0.025060296334696225,3.551982879638672,0.012413966736405829
C,AB,early_stopping,9,0.024790129621207083,3.4351117610931396,0.012121569855752835
C,AB,early_stopping,10,0.02461126267293232,3.411261796951294,0.0154198031334885
C,AB,early_stopping,11,0.024353803591018932,3.524545669555664,0.011760971935203915
C,AB,early_stopping,12,0.02394213322151298,3.410141706466675,0.012439360443548257
C,AB,early_stopping,13,0.023608767229009644,3.401301383972168,0.011786172096190185
C,AB,early_stopping,14,0.02336309679582732,3.376972198486328,0.012199387233506389
C,AB,early_stopping,15,0.023087528908071094,3.490675210952759,0.011780508763774608
C,AB,early_stopping,16,0.022634176059074102,3.457247257232666,0.012787066568061368
C,AB,early_stopping,17,0.02244844746973473,3.3601598739624023,0.012173160230338691
C,AB,early_stopping,18,0.02237001944669356,3.3111727237701416,0.010862227230483228
C,AB,early_stopping,19,0.022630817471224255,3.405022382736206,0.010907217782901138
C,AB,early_stopping,20,0.021901513489443792,3.5014970302581787,0.01109180863769284
C,AB,early_stopping,21,0.021676009753521797,3.389612913131714,0.011621881470703322
C,AB,early_stopping,22,0.021512389363404803,3.4438602924346924,0.010985765075961103
C,AB,early_stopping,23,0.021651182764936164,3.485408306121826,0.01012616059370493
C,AB,early_stopping,24,0.02138145663201817,3.539736747741699,0.010580820478843001
C,AB,early_stopping,25,0.02138252315987579,3.4439704418182373,0.010864225621066486
C,AB,early_stopping,26,0.02130926671628812,3.5072226524353027,0.00988880796238105
C,AB,early_stopping,27,0.021006960681542744,3.5024802684783936,0.010721358364064267
C,AB,early_stopping,28,0.02101500993308619,3.489546537399292,0.00918132009670469
C,AB,early_stopping,29,0.021030959422578897,3.5085291862487793,0.010086242983453954
C,AB,early_stopping,30,0.020849752447858166,3.428490400314331,0.010167594788819243
C,AB,early_stopping,31,0.02066622007573815,3.3314108848571777,0.009871835065906276
C,AB,early_stopping,32,0.020714765595639947,3.3029184341430664,0.010008737626998512
C,AB,early_stopping,33,0.02077110727159186,3.333641767501831,0.00994539299119927
C,AB,early_stopping,34,0.020791427578632952,3.3887598514556885,0.010124838023609433
C,AB,early_stopping,35,0.02057733462642564,3.3686013221740723,0.009590308524602558
C,AB,early_stopping,36,0.020426670612169188,3.4943370819091797,0.009345412598790825
C,AB,early_stopping,37,0.020296474886202186,3.401952028274536,0.00873350137447332
C,AB,early_stopping,38,0.020361213004679166,4.146594762802124,0.009268428891129199
C,AB,early_stopping,39,0.020019943252984528,4.138905048370361,0.009677289729549562
C,AB,early_stopping,40,0.019883654147515056,4.165172338485718,0.009827868810006201
C,AB,early_stopping,41,0.019791325581238077,4.2174530029296875,0.009776351938208397
C,AB,early_stopping,42,0.01960262524775722,4.186027765274048,0.008666768068837663
C,AB,early_stopping,43,0.01962105989925681,3.8954432010650635,0.00843785193246372
C,AB,early_stopping,44,0.01964705055031229,3.649174690246582,0.01125110376155631
C,AB,early_stopping,45,0.019242279059219148,3.6272451877593994,0.008436536776834262
C,AB,early_stopping,46,0.01938784635717285,3.579056978225708,0.009578413089106952
C,AB,early_stopping,47,0.019141506104524822,3.602181911468506,0.009220617194351277
C,AB,early_stopping,48,0.01908192352715305,3.6356043815612793,0.0086011713845387
C,AB,early_stopping,49,0.019143108340246018,3.606241464614868,0.008022352420045604
C,AB,early_stopping,50,0.018948823593031853,3.616438150405884,0.008400602242393378
C,AB,early_stopping,51,0.01885344263322118,3.7270379066467285,0.008666779552662226
C,AB,early_stopping,52,0.018803741976963995,3.734652042388916,0.009168847407318085
C,AB,early_stopping,53,0.01883069280838809,3.542020320892334,0.00925727856916764
C,AB,early_stopping,54,0.018599251080792776,3.478222370147705,0.008171018234826624
C,AB,early_stopping,55,0.01851473219831984,3.6124463081359863,0.009132411652876891
C,AB,early_stopping,56,0.018570738851692914,3.6254217624664307,0.008914821965034724
C,AB,early_stopping,57,0.01844762974562137,3.66191029548645,0.008311108461180423
C,AB,early_stopping,58,0.018305165353708994,3.5839176177978516,0.008844451932809617
C,AB,early_stopping,59,0.018397347279682057,3.6887638568878174,0.009136508307390535
C,AB,reentrenamiento,1,0.055558340228649465,4.246998310089111,
C,AB,reentrenamiento,2,0.03208926848813629,4.205402612686157,
C,AB,reentrenamiento,3,0.027085752217939157,4.198390245437622,
C,AB,reentrenamiento,4,0.0249022202630582,4.162866115570068,
C,AB,reentrenamiento,5,0.024188621266243687,4.175551652908325,
C,AB,reentrenamiento,6,0.023786206931208198,4.097020149230957,
C,AB,reentrenamiento,7,0.023409182006422415,4.141110181808472,
C,AB,reentrenamiento,8,0.023116394138900934,4.27545428276062,
C,AB,reentrenamiento,9,0.022531810847971734,4.286852121353149,
C,AB,reentrenamiento,10,0.021900380045256004,4.270518779754639,
C,AB,reentrenamiento,11,0.02163753946528115,4.314517974853516,
C,AB,reentrenamiento,12,0.021064064329083195,4.2109715938568115,
C,AB,reentrenamiento,13,0.020930053240020216,4.302609920501709,
C,AB,reentrenamiento,14,0.02078878172257295,4.304723739624023,
C,AB,reentrenamiento,15,0.0207052960405254,4.274730920791626,
C,AB,reentrenamiento,16,0.020366231675976086,4.322796821594238,
C,AB,reentrenamiento,17,0.02026267489420416,4.226528167724609,
C,AB,reentrenamiento,18,0.020026604857596594,4.2948009967803955,
C,AB,reentrenamiento,19,0.020053552096058618,4.286802053451538,
C,AB,reentrenamiento,20,0.019732028654348345,4.363553524017334,
C,AB,reentrenamiento,21,0.01965220957706021,4.227302312850952,
C,AB,reentrenamiento,22,0.01955298641877525,4.254926919937134,
C,AB,reentrenamiento,23,0.019377912624852178,4.306093215942383,
C,AB,reentrenamiento,24,0.019298976383101567,4.341325283050537,
C,AB,reentrenamiento,25,0.01926687758602512,4.330173015594482,
C,AB,reentrenamiento,26,0.019279414506078646,4.352179527282715,
C,AB,reentrenamiento,27,0.019105507913484712,4.320513725280762,
C,AB,reentrenamiento,28,0.01908558129064098,4.110687017440796,
C,AB,reentrenamiento,29,0.018990713463854173,4.0174946784973145,
C,AB,reentrenamiento,30,0.018890950799750072,3.8803675174713135,
C,AB,reentrenamiento,31,0.01863924407967665,3.815460443496704,
C,AB,reentrenamiento,32,0.018654678380933275,3.898815631866455,
C,AB,reentrenamiento,33,0.01848873946883496,3.8812310695648193,
C,AB,reentrenamiento,34,0.01846437772798972,3.9142374992370605,
C,AB,reentrenamiento,35,0.018332827151465985,3.9617207050323486,
C,AB,reentrenamiento,36,0.018305960194692637,3.9124224185943604,
C,AB,reentrenamiento,37,0.018084094462648206,3.8549387454986572,
C,AB,reentrenamiento,38,0.017996841802470374,4.025251388549805,
C,AB,reentrenamiento,39,0.01791487838107342,4.102593421936035,
C,AB,reentrenamiento,40,0.017757875867783185,4.017733573913574,
C,AB,reentrenamiento,41,0.017461810035983193,4.061568260192871,
C,AB,reentrenamiento,42,0.01757236523969935,4.0409767627716064,
C,AB,reentrenamiento,43,0.01734728927541332,4.041166067123413,
C,AB,reentrenamiento,44,0.017271699067813222,4.034854412078857,
C,AB,reentrenamiento,45,0.017104454666569714,3.994027853012085,
C,AB,reentrenamiento,46,0.017129783093810854,4.257850408554077,
C,AB,reentrenamiento,47,0.017004195911161205,4.42931604385376,
C,AB,reentrenamiento,48,0.01690069589357394,4.39957594871521,
C,AB,reentrenamiento,49,0.016820255859881682,4.307064771652222,
D,A,early_stopping,1,0.12154711179876225,0.7252912521362305,0.02704765668035606
D,A,early_stopping,2,0.05280133764218213,0.39396119117736816,0.021501126868430743
D,A,early_stopping,3,0.041332607218529396,0.47341465950012207,0.013183006809460609
D,A,early_stopping,4,0.02900573308222787,0.4376702308654785,0.010580039058448773
D,A,early_stopping,5,0.023139558181397877,0.4042494297027588,0.009782118814121006
D,A,early_stopping,6,0.020331248703390644,0.41511034965515137,0.009532694884964084
D,A,early_stopping,7,0.017995686872879935,0.4300518035888672,0.009866317140294026
D,A,early_stopping,8,0.016711247449333652,0.5150785446166992,0.00847244797582708
D,A,early_stopping,9,0.015461094002108282,0.42730116844177246,0.009019638788639988
D,A,early_stopping,10,0.014306219727913927,0.41791605949401855,0.008736593954316306
D,A,early_stopping,11,0.013871001864455335,0.4501349925994873,0.008421685014336851
D,A,early_stopping,12,0.012950363595584167,0.45705628395080566,0.007978979339989235
D,A,early_stopping,13,0.012432880832023487,0.4591858386993408,0.008439713762644123
D,A,early_stopping,14,0.012201050327521473,0.45644187927246094,0.00815269823046995
D,A,early_stopping,15,0.01143100548987246,0.4671480655670166,0.008066678153757138
D,A,early_stopping,16,0.011356211029565112,0.503582239151001,0.007990553818605401
D,A,early_stopping,17,0.010735286908058013,0.42102622985839844,0.008911735299105635
D,A,early_stopping,18,0.010383486118614688,0.4540097713470459,0.0077219618729153896
D,A,early_stopping,19,0.009906952864027836,0.4591808319091797,0.00823409392002498
D,A,early_stopping,20,0.009727287592620256,0.4797189235687256,0.007463488743236254
D,A,early_stopping,21,0.00954430592758823,0.49942708015441895,0.007329903304999411
D,A,early_stopping,22,0.009327085644922455,0.43087100982666016,0.007624086172920055
D,A,early_stopping,23,0.009038231991666075,0.44452953338623047,0.007982594926056508
D,A,early_stopping,24,0.009300763619600208,0.508141279220581,0.007421385189044307
D,A,early_stopping,25,0.00876831544004557,0.39771080017089844,0.007560121232823918
D,A,early_stopping,26,0.00872087299910232,0.42592906951904297,0.007912899740950007
D,A,early_stopping,27,0.008504167395078614,0.36189985275268555,0.008232599306617462
D,A,early_stopping,28,0.008654884428020478,0.43375062942504883,0.007516054329612165
D,A,early_stopping,29,0.008179175952212086,0.4042165279388428,0.007436340179955103
D,A,early_stopping,30,0.007839970073078748,0.4270591735839844,0.007444536173122502
D,A,early_stopping,31,0.008124740988159199,0.42181921005249023,0.007474936109971965
D,A,reentrenamiento,1,0.10568796719910827,0.5250425338745117,
D,A,reentrenamiento,2,0.04630976707879955,0.5023620128631592,
D,A,reentrenamiento,3,0.03242754969826853,0.48132801055908203,
D,A,reentrenamiento,4,0.023548657493509685,0.48764562606811523,
D,A,reentrenamiento,5,0.018920915869998667,0.46862125396728516,
D,A,reentrenamiento,6,0.016187055679566013,0.5374219417572021,
D,A,reentrenamiento,7,0.01488834792039963,0.4683356285095215,
D,A,reentrenamiento,8,0.013990994917610614,0.5088775157928467,
D,A,reentrenamiento,9,0.01310472368224793,0.4656679630279541,
D,A,reentrenamiento,10,0.012372430462804972,0.5343382358551025,
D,A,reentrenamiento,11,0.011444220077729533,0.4753553867340088,
D,A,reentrenamiento,12,0.011225029835589893,0.4638683795928955,
D,A,reentrenamiento,13,0.01047985757244158,0.4884934425354004,
D,A,reentrenamiento,14,0.010180536870506959,0.4902036190032959,
D,A,reentrenamiento,15,0.009735370177325255,0.49084901809692383,
D,A,reentrenamiento,16,0.009963499763589363,0.5425727367401123,
D,A,reentrenamiento,17,0.009091716737091108,0.7049143314361572,
D,A,reentrenamiento,18,0.008685890346208923,0.4945042133331299,
D,A,reentrenamiento,19,0.008637878646352617,0.582172155380249,
D,A,reentrenamiento,20,0.008462910439763285,0.5193088054656982,
D,A,reentrenamiento,21,0.007960114767861244,0.5463089942932129,
D,B,early_stopping,1,0.09726215848054483,0.5561306476593018,0.014337635729924504
D,B,early_stopping,2,0.04630382549577909,0.43607020378112793,0.013429330871647046
D,B,early_stopping,3,0.04078409630864022,0.48711299896240234,0.012617308991647423
D,B,early_stopping,4,0.02885497322886081,0.43444085121154785,0.012637971499548513
D,B,early_stopping,5,0.023796026359626195,0.41872191429138184,0.01127266274324648
D,B,early_stopping,6,0.021283098247462853,0.3852202892303467,0.009991478504883227
D,B,early_stopping,7,0.018800526527636346,0.489948034286499,0.009586375356841292
D,B,early_stopping,8,0.017159358576360983,0.47545647621154785,0.008961023937667602
D,B,early_stopping,9,0.015923028563216583,0.38515734672546387,0.008235971901898015
D,B,early_stopping,10,0.015060917382623742,0.43445396423339844,0.007631764124700839
D,B,early_stopping,11,0.014279666951583971,0.46035242080688477,0.007210535399309676
D,B,early_stopping,12,0.013564102013855496,0.4771411418914795,0.00641671769399855
D,B,early_stopping,13,0.012700557648034773,0.39275097846984863,0.006171055148129588
D,B,early_stopping,14,0.012028366457838764,0.4692502021789551,0.005754694982493024
D,B,early_stopping,15,0.011340943924300101,0.42566561698913574,0.005764578431817164
D,B,early_stopping,16,0.011278232536886128,0.4361128807067871,0.005728683829300629
D,B,early_stopping,17,0.010739016986844152,0.5188019275665283,0.005669713038093462
D,B,early_stopping,18,0.0104418196306274,0.46179819107055664,0.005726585940370535
D,B,early_stopping,19,0.010226220851330153,0.41852736473083496,0.005613671446491177
D,B,early_stopping,20,0.009807187889288575,0.44257044792175293,0.005725196770184654
D,B,early_stopping,21,0.009371903366233851,0.40717554092407227,0.0056184938167393025
D,B,early_stopping,22,0.009359684601378105,0.43383169174194336,0.005787080754003096
D,B,early_stopping,23,0.00870740670508046,0.4106781482696533,0.006183141656006115
D,B,early_stopping,24,0.00863917735817855,0.37721753120422363,0.005975453501714757
D,B,early_stopping,25,0.008386547736399314,0.42710065841674805,0.005810036495517549
D,B,early_stopping,26,0.008046108171874072,0.3772268295288086,0.005655084563255756
D,B,early_stopping,27,0.007768771346281809,0.43187403678894043,0.00577594777659366
D,B,early_stopping,28,0.00797017115713387,0.44376587867736816,0.005769950086074623
D,B,early_stopping,29,0.007696045641212029,0.36536264419555664,0.005695188827468176
D,B,reentrenamiento,1,0.0798279271216782,0.5209648609161377,
D,B,reentrenamiento,2,0.04043829519758439,0.43918538093566895,
D,B,reentrenamiento,3,0.032804328366250475,0.46443843841552734,
D,B,reentrenamiento,4,0.022658720174638262,0.46970224380493164,
D,B,reentrenamiento,5,0.019430702937349328,0.4094986915588379,
D,B,reentrenamiento,6,0.016902523353215713,0.40021419525146484,
D,B,reentrenamiento,7,0.014999355097422598,0.37978315353393555,
D,B,reentrenamiento,8,0.013788467246646507,0.41363978385925293,
D,B,reentrenamiento,9,0.01275416354865102,0.45476222038269043,
D,B,reentrenamiento,10,0.01205695467782168,0.4170262813568115,
D,B,reentrenamiento,11,0.01144246954979577,0.4117109775543213,
D,B,reentrenamiento,12,0.01089094933639681,0.41822028160095215,
D,B,reentrenamiento,13,0.010874220699441215,0.39094018936157227,
D,B,reentrenamiento,14,0.010163744164455342,0.39345741271972656,
D,B,reentrenamiento,15,0.009597953769248563,0.4001500606536865,
D,B,reentrenamiento,16,0.009651356617546677,0.40756940841674805,
D,B,reentrenamiento,17,0.009129165097141685,0.4282875061035156,
D,B,reentrenamiento,18,0.008745581075238549,0.3987891674041748,
D,B,reentrenamiento,19,0.00864060936716173,0.403980016708374,
