modelo,fase,epoca,train_mse,segundos,val_mse
Bi-NOA-LSTM,early_stopping,1,0.0844384037798865,9.123366594314575,0.018280606020317742
Bi-NOA-LSTM,early_stopping,2,0.06593214783743973,4.931196451187134,0.017656022045777656
Bi-NOA-LSTM,early_stopping,3,0.06051536733052362,4.629603624343872,0.01738068919233762
Bi-NOA-LSTM,early_stopping,4,0.05681557266475307,4.602530002593994,0.0169450900498182
Bi-NOA-LSTM,early_stopping,5,0.053582808476183595,4.648561000823975,0.016721750720886334
Bi-NOA-LSTM,early_stopping,6,0.05096708560782629,6.160478115081787,0.016933513542856393
Bi-NOA-LSTM,early_stopping,7,0.04767743606625739,5.037310361862183,0.017327725044230486
Bi-NOA-LSTM,early_stopping,8,0.04545765854461345,5.133650541305542,0.01653050229825357
Bi-NOA-LSTM,early_stopping,9,0.04385591110260857,5.471891403198242,0.016633277914669432
Bi-NOA-LSTM,early_stopping,10,0.04255325073839397,5.421459674835205,0.01612409465597326
Bi-NOA-LSTM,early_stopping,11,0.04049754909119805,5.292017221450806,0.016310477761015997
Bi-NOA-LSTM,early_stopping,12,0.03972289968389818,5.176389932632446,0.015749551421100932
Bi-NOA-LSTM,early_stopping,13,0.03938485311458931,5.0713725090026855,0.016167944641272226
Bi-NOA-LSTM,early_stopping,14,0.037984190114355824,5.080359935760498,0.016083678340468217
Bi-NOA-LSTM,early_stopping,15,0.037878533065431125,5.230196714401245,0.01576310760542801
Bi-NOA-LSTM,early_stopping,16,0.03707279581201058,4.926975250244141,0.01620572903002933
Bi-NOA-LSTM,early_stopping,17,0.036547006780790994,4.8280253410339355,0.016263559710905196
Bi-NOA-LSTM,early_stopping,18,0.03534406221082368,4.797265529632568,0.01590319360384262
Bi-NOA-LSTM,early_stopping,19,0.03519517403981049,4.876726388931274,0.01618107999467286
Bi-NOA-LSTM,early_stopping,20,0.03456840642038368,5.013702392578125,0.015438120876155962
Bi-NOA-LSTM,early_stopping,21,0.034331026575211636,5.1457905769348145,0.016119323486819596
Bi-NOA-LSTM,early_stopping,22,0.033625587526601004,4.973355770111084,0.016274885361792855
Bi-NOA-LSTM,early_stopping,23,0.0332358793657825,4.8876190185546875,0.015758548734722315
Bi-NOA-LSTM,early_stopping,24,0.03294052516746596,4.931408166885376,0.016114114054617018
Bi-NOA-LSTM,early_stopping,25,0.0326969287910417,4.886315822601318,0.015668061840243438
Bi-NOA-LSTM,early_stopping,26,0.031930022830485814,4.9500768184661865,0.015561352969080781
Bi-NOA-LSTM,early_stopping,27,0.03184784994944086,4.892378568649292,0.015806196934388263
Bi-NOA-LSTM,early_stopping,28,0.03161046812220093,5.257006645202637,0.01597661457947814
Bi-NOA-LSTM,early_stopping,29,0.0313338423792508,5.2583513259887695,0.016644267722834255
Bi-NOA-LSTM,early_stopping,30,0.0309020266431288,5.266805171966553,0.015591166878374653
Bi-NOA-LSTM,reentrenamiento,1,0.07435231586023963,6.257236480712891,
Bi-NOA-LSTM,reentrenamiento,2,0.058718107570563165,6.272061109542847,
Bi-NOA-LSTM,reentrenamiento,3,0.05380909898100704,6.800923109054565,
Bi-NOA-LSTM,reentrenamiento,4,0.050699779867721145,7.243902206420898,
Bi-NOA-LSTM,reentrenamiento,5,0.047597512717876884,6.409661293029785,
Bi-NOA-LSTM,reentrenamiento,6,0.04567004787868809,6.026484251022339,
Bi-NOA-LSTM,reentrenamiento,7,0.04239338591976964,5.962364912033081,
Bi-NOA-LSTM,reentrenamiento,8,0.04037527709664905,6.136929273605347,
Bi-NOA-LSTM,reentrenamiento,9,0.03915504146446664,6.065962076187134,
Bi-NOA-LSTM,reentrenamiento,10,0.03780492027441802,6.0545334815979,
Bi-NOA-LSTM,reentrenamiento,11,0.03611904901698134,6.095386981964111,
Bi-NOA-LSTM,reentrenamiento,12,0.035514206631291276,6.043020486831665,
Bi-NOA-LSTM,reentrenamiento,13,0.03511369752432522,6.105691909790039,
Bi-NOA-LSTM,reentrenamiento,14,0.03389347758211997,6.005891799926758,
Bi-NOA-LSTM,reentrenamiento,15,0.03384153849247316,6.254163026809692,
Bi-NOA-LSTM,reentrenamiento,16,0.033026822950914456,6.630027532577515,
Bi-NOA-LSTM,reentrenamiento,17,0.03274108345472879,6.0982232093811035,
Bi-NOA-LSTM,reentrenamiento,18,0.03172884326483052,6.0991106033325195,
Bi-NOA-LSTM,reentrenamiento,19,0.03144690642821951,6.313752889633179,
Bi-NOA-LSTM,reentrenamiento,20,0.03096311857726382,6.193359375,
Bi-LSTM estándar,early_stopping,1,0.0928217187981971,0.7758407592773438,0.01905872510592781
Bi-LSTM estándar,early_stopping,2,0.07209894355223544,0.8653221130371094,0.01881078708065227
Bi-LSTM estándar,early_stopping,3,0.06614708931386012,0.664006233215332,0.0172928864745878
Bi-LSTM estándar,early_stopping,4,0.06213951421288193,0.6892788410186768,0.017046161985200387
Bi-LSTM estándar,early_stopping,5,0.0588688083682418,0.7311646938323975,0.016485972833629278
Bi-LSTM estándar,early_stopping,6,0.05629728454833165,0.6894569396972656,0.016063043021814646
Bi-LSTM estándar,early_stopping,7,0.05420871193966377,0.6900055408477783,0.015932791045993072
Bi-LSTM estándar,early_stopping,8,0.05242860655549467,0.7542576789855957,0.015499250648076397
Bi-LSTM estándar,early_stopping,9,0.051223965237748394,0.7223691940307617,0.01544968821280146
Bi-LSTM estándar,early_stopping,10,0.049836116660169225,0.7752926349639893,0.015280717426292039
Bi-LSTM estándar,early_stopping,11,0.048013455972332045,0.639836311340332,0.015413450961041667
Bi-LSTM estándar,early_stopping,12,0.04710693884161645,0.6674461364746094,0.015303289501693624
Bi-LSTM estándar,early_stopping,13,0.04634815730024844,0.6976418495178223,0.015447549926637645
Bi-LSTM estándar,early_stopping,14,0.044809929595306205,0.705035924911499,0.015568621553712981
Bi-LSTM estándar,early_stopping,15,0.04431508483463106,0.782386064529419,0.015489349672589268
Bi-LSTM estándar,early_stopping,16,0.043430448724819166,0.7044954299926758,0.01586260302747122
Bi-LSTM estándar,early_stopping,17,0.042455813822398485,0.6687936782836914,0.015490299628941476
Bi-LSTM estándar,early_stopping,18,0.041043072081053324,0.6918327808380127,0.01541415456687032
Bi-LSTM estándar,early_stopping,19,0.04112975597886377,0.6880242824554443,0.015433748657610179
Bi-LSTM estándar,early_stopping,20,0.03987024027704006,0.8516936302185059,0.015101677003759561
Bi-LSTM estándar,early_stopping,21,0.03934564470382034,0.8935115337371826,0.015239303244022421
Bi-LSTM estándar,early_stopping,22,0.03852470381090948,0.8781707286834717,0.01519675189819693
Bi-LSTM estándar,early_stopping,23,0.03798771831781353,0.7564563751220703,0.015107862460004614
Bi-LSTM estándar,early_stopping,24,0.0372217123150273,0.6912784576416016,0.015231528212672518
Bi-LSTM estándar,early_stopping,25,0.03673009942916891,0.6642575263977051,0.014795681084297982
Bi-LSTM estándar,early_stopping,26,0.03586934787285094,0.666719913482666,0.014774337083605706
Bi-LSTM estándar,early_stopping,27,0.03598367306161758,0.6696841716766357,0.015106092237464508
Bi-LSTM estándar,early_stopping,28,0.03534360090849547,0.7530391216278076,0.015020051174630223
Bi-LSTM estándar,early_stopping,29,0.03493644757315645,0.6663618087768555,0.015091484199911718
Bi-LSTM estándar,early_stopping,30,0.03432521382754882,0.663278341293335,0.014830666048074117
Bi-LSTM estándar,early_stopping,31,0.033905097177602005,0.6967432498931885,0.014729277474772078
Bi-LSTM estándar,early_stopping,32,0.03392654468645827,0.6866161823272705,0.014728637356585523
Bi-LSTM estándar,early_stopping,33,0.03313791511265998,0.68023681640625,0.014955261887986846
Bi-LSTM estándar,early_stopping,34,0.03292768791144769,0.6579134464263916,0.01499049247724181
Bi-LSTM estándar,early_stopping,35,0.032645413657394845,0.691509485244751,0.01482074276872235
Bi-LSTM estándar,early_stopping,36,0.031987896688982186,0.6695220470428467,0.014587421181639398
Bi-LSTM estándar,early_stopping,37,0.0315114145362669,0.7204031944274902,0.015216296457570295
Bi-LSTM estándar,early_stopping,38,0.03227890044274029,0.6402223110198975,0.014853623772233353
Bi-LSTM estándar,early_stopping,39,0.0318195435913302,0.6894948482513428,0.01484095796398352
Bi-LSTM estándar,early_stopping,40,0.03169286600383027,0.6405942440032959,0.014584769499427315
Bi-LSTM estándar,early_stopping,41,0.031216421177255444,0.6563303470611572,0.01483692383497741
Bi-LSTM estándar,early_stopping,42,0.03093855561279666,0.6483376026153564,0.014606200781159168
Bi-LSTM estándar,early_stopping,43,0.030351228190025323,0.6801469326019287,0.015187025928452853
Bi-LSTM estándar,early_stopping,44,0.030644006572757287,0.6500930786132812,0.014801520030973922
Bi-LSTM estándar,early_stopping,45,0.03039684532331175,0.8167128562927246,0.014709576748227648
Bi-LSTM estándar,early_stopping,46,0.030149906793921495,0.725153923034668,0.01500363760884997
Bi-LSTM estándar,reentrenamiento,1,0.08091147843289745,0.7450740337371826,
Bi-LSTM estándar,reentrenamiento,2,0.06384249844318084,0.7184097766876221,
Bi-LSTM estándar,reentrenamiento,3,0.05923176784518338,0.709949254989624,
Bi-LSTM estándar,reentrenamiento,4,0.055389505499582624,0.696739673614502,
Bi-LSTM estándar,reentrenamiento,5,0.05220035483984509,0.704960823059082,
Bi-LSTM estándar,reentrenamiento,6,0.050321871096131295,0.6984834671020508,
Bi-LSTM estándar,reentrenamiento,7,0.04774602381845297,0.7460904121398926,
Bi-LSTM estándar,reentrenamiento,8,0.046176613512540154,0.7406699657440186,
Bi-LSTM estándar,reentrenamiento,9,0.04500981132369154,0.7151250839233398,
Bi-LSTM estándar,reentrenamiento,10,0.043795779915597244,0.700059175491333,
Bi-LSTM estándar,reentrenamiento,11,0.04250187037407435,0.7160146236419678,
Bi-LSTM estándar,reentrenamiento,12,0.04155997418857099,0.7150754928588867,
Bi-LSTM estándar,reentrenamiento,13,0.04118032550866846,0.7334227561950684,
Bi-LSTM estándar,reentrenamiento,14,0.03968465379914571,0.7359991073608398,
Bi-LSTM estándar,reentrenamiento,15,0.039342717754578274,0.7238686084747314,
Bi-LSTM estándar,reentrenamiento,16,0.037887922739084395,0.7124848365783691,
Bi-LSTM estándar,reentrenamiento,17,0.03710628118209561,0.7322242259979248,
Bi-LSTM estándar,reentrenamiento,18,0.035944586665686416,0.7284395694732666,
Bi-LSTM estándar,reentrenamiento,19,0.035671811727608665,0.7592158317565918,
Bi-LSTM estándar,reentrenamiento,20,0.03470600458025979,0.7108592987060547,
Bi-LSTM estándar,reentrenamiento,21,0.034224904895083806,0.738785982131958,
Bi-LSTM estándar,reentrenamiento,22,0.033877060910112715,0.7239956855773926,
Bi-LSTM estándar,reentrenamiento,23,0.03323035794837066,0.7402658462524414,
Bi-LSTM estándar,reentrenamiento,24,0.03279140950506004,0.6960437297821045,
Bi-LSTM estándar,reentrenamiento,25,0.03215202262049046,0.7184820175170898,
Bi-LSTM estándar,reentrenamiento,26,0.03169022274083562,0.7210948467254639,
Bi-LSTM estándar,reentrenamiento,27,0.03153104527694541,0.7348678112030029,
Bi-LSTM estándar,reentrenamiento,28,0.03098702378920464,0.8576095104217529,
Bi-LSTM estándar,reentrenamiento,29,0.0308390521973053,0.9417507648468018,
Bi-LSTM estándar,reentrenamiento,30,0.03028520378923662,0.7845542430877686,
Bi-LSTM estándar,reentrenamiento,31,0.030201868387848718,0.7306704521179199,
Bi-LSTM estándar,reentrenamiento,32,0.030243209978077834,0.7132043838500977,
Bi-LSTM estándar,reentrenamiento,33,0.02943873062988528,0.7176823616027832,
Bi-LSTM estándar,reentrenamiento,34,0.029251787052835775,0.7415974140167236,
Bi-LSTM estándar,reentrenamiento,35,0.029114696419864135,0.7265045642852783,
Bi-LSTM estándar,reentrenamiento,36,0.028728538978260724,0.7097561359405518,
