semilla,fase,epoca,train_mse,segundos,val_mse
42,early_stopping,1,0.11121391561678104,37.50958180427551,0.021773826728611653
42,early_stopping,2,0.09524600201361552,35.86997079849243,0.01929194768266559
42,early_stopping,3,0.09379192601156666,39.36138105392456,0.019665349890145463
42,early_stopping,4,0.08432763092967024,36.77998447418213,0.018509853383285212
42,early_stopping,5,0.07881931416278976,46.73914694786072,0.019096643896004146
42,early_stopping,6,0.07959438638731148,46.32107663154602,0.018618464239584222
42,early_stopping,7,0.07172794485847729,46.23352074623108,0.019194385579357088
42,early_stopping,8,0.06848362685184459,45.969608783721924,0.017565612371047402
42,early_stopping,9,0.06549511906788567,45.312477827072144,0.018418201956180796
42,early_stopping,10,0.06522892970355093,45.781766414642334,0.01746918889257232
42,early_stopping,11,0.059986560657932834,40.48482060432434,0.017633627552155567
42,early_stopping,12,0.0636974168702614,39.03092336654663,0.017445732827594606
42,early_stopping,13,0.061377019153702,50.741968393325806,0.017394846213757108
42,early_stopping,14,0.05833959452267921,37.04808735847473,0.01798706101644992
42,early_stopping,15,0.06497463466915263,44.44782590866089,0.01827234197676308
42,early_stopping,16,0.06388862473865589,45.20820760726929,0.01711449976802182
42,early_stopping,17,0.05964042475308959,39.88838219642639,0.017220756971681177
42,early_stopping,18,0.06292194271251565,36.08111786842346,0.017064446634515038
42,early_stopping,19,0.05385264984940254,38.071709394454956,0.016670245118072788
42,early_stopping,20,0.05036966672319673,35.43384504318237,0.016324951301440172
42,early_stopping,21,0.05070987653471239,42.40554428100586,0.016983219318027386
42,early_stopping,22,0.04758657207127413,42.55824160575867,0.01811836281370362
42,early_stopping,23,0.05246641115760335,46.610138177871704,0.016483672601297232
42,early_stopping,24,0.059061909132427697,41.66025996208191,0.01643472300536691
42,early_stopping,25,0.049448337548139966,34.960391998291016,0.016498082140609195
42,early_stopping,26,0.052174678685203965,35.770655155181885,0.016610409583569106
42,reentrenamiento,1,0.09705033941052323,46.43081498146057,
42,reentrenamiento,2,0.08215555462490737,52.82175850868225,
42,reentrenamiento,3,0.0771665982371404,53.116119384765625,
42,reentrenamiento,4,0.06973512536626637,39.119301080703735,
42,reentrenamiento,5,0.06711761466123292,42.61347270011902,
42,reentrenamiento,6,0.06492662862811747,44.270466804504395,
42,reentrenamiento,7,0.06277757768386465,42.581016302108765,
42,reentrenamiento,8,0.060612931421931755,38.73683261871338,
42,reentrenamiento,9,0.05689630169925368,39.45671105384827,
42,reentrenamiento,10,0.05834278255455762,38.73728013038635,
42,reentrenamiento,11,0.05294599266096198,41.57192921638489,
42,reentrenamiento,12,0.05175754024140071,48.85751175880432,
42,reentrenamiento,13,0.050893669510853064,46.321245431900024,
42,reentrenamiento,14,0.049750617131285466,48.90825581550598,
42,reentrenamiento,15,0.05769284649528237,44.35542035102844,
42,reentrenamiento,16,0.06136848179141286,44.1665472984314,
42,reentrenamiento,17,0.06413379629836097,48.44641160964966,
42,reentrenamiento,18,0.05573620840049478,51.14927625656128,
42,reentrenamiento,19,0.046487691139018295,53.42580223083496,
42,reentrenamiento,20,0.043304414353444814,54.3840229511261,
43,early_stopping,1,0.10377240523121181,45.44512104988098,0.021640103172729554
43,early_stopping,2,0.0879091805279785,46.47567939758301,0.019063508885135118
43,early_stopping,3,0.09237839941909588,44.30982685089111,0.019469315124787733
43,early_stopping,4,0.07920742298807759,47.23667287826538,0.019068980519963846
43,early_stopping,5,0.08183802329037414,47.17883539199829,0.01836358966056062
43,early_stopping,6,0.07295149087234153,44.7391893863678,0.018773830475803426
43,early_stopping,7,0.06880204237395188,46.126380443573,0.018070753621011154
43,early_stopping,8,0.07464837389157392,46.36207413673401,0.017455989490887048
43,early_stopping,9,0.06766810270476487,41.93191647529602,0.018271609167486227
43,early_stopping,10,0.06333862839352375,30.32736372947693,0.017733446824781184
43,early_stopping,11,0.06821961815752234,39.12178063392639,0.01756776352746417
43,early_stopping,12,0.058751955534933197,47.076677083969116,0.01757436663516743
43,early_stopping,13,0.06069948718050656,44.81696629524231,0.017260543465193918
43,early_stopping,14,0.05850305848464134,41.53896737098694,0.016630029374246347
43,early_stopping,15,0.05509223243987486,44.666364431381226,0.016871715646145095
43,early_stopping,16,0.06511735231194708,46.12086582183838,0.018630523979441437
43,early_stopping,17,0.061755195461535364,45.53068995475769,0.016153561813759525
43,early_stopping,18,0.05263455979580677,44.79316973686218,0.017058786309629443
43,early_stopping,19,0.06434937023760938,44.80591869354248,0.016794249289992208
43,early_stopping,20,0.058129254140952415,44.92599105834961,0.016584630883727212
43,early_stopping,21,0.0682366266131717,43.84071969985962,0.029737382346248748
43,early_stopping,22,0.08021786846155318,41.485047340393066,0.018418295901369213
43,early_stopping,23,0.06771275781500131,42.55929112434387,0.01624554236795979
43,reentrenamiento,1,0.09303583694740566,49.07449984550476,
43,reentrenamiento,2,0.08198816681064384,43.11915421485901,
43,reentrenamiento,3,0.08113959324428348,38.01999759674072,
43,reentrenamiento,4,0.06996636146216807,43.08128619194031,
43,reentrenamiento,5,0.06953442300558066,68.50438737869263,
43,reentrenamiento,6,0.06498980172594061,47.07262349128723,
43,reentrenamiento,7,0.0604041865358373,45.251819133758545,
43,reentrenamiento,8,0.0645795890470356,58.038126707077026,
43,reentrenamiento,9,0.05708980899297109,54.807106018066406,
43,reentrenamiento,10,0.057876912835012104,55.06861352920532,
43,reentrenamiento,11,0.06207701481648856,46.639814615249634,
43,reentrenamiento,12,0.05166140014199465,41.07397747039795,
43,reentrenamiento,13,0.053536446722209176,37.88335561752319,
43,reentrenamiento,14,0.05026531619856029,42.436928272247314,
43,reentrenamiento,15,0.04762819752952825,55.716880321502686,
43,reentrenamiento,16,0.05590682527013077,48.430840730667114,
43,reentrenamiento,17,0.053705126164817964,41.748699426651,
44,early_stopping,1,0.10983436201114481,34.594457387924194,0.020494007532852434
44,early_stopping,2,0.09875214063512433,47.88596487045288,0.02251112523722039
44,early_stopping,3,0.0839179663653844,56.814356327056885,0.018667496428566896
44,early_stopping,4,0.08425007780062804,44.9801869392395,0.019897153678532783
44,early_stopping,5,1.0886477722336336,39.07000374794006,0.14699669905331614
44,early_stopping,6,1.5806072402978206,32.32208466529846,0.1470069450037101
44,early_stopping,7,1.6024401718963963,31.7837917804718,0.14697988952797644
44,early_stopping,8,1.6014920683733982,32.391343116760254,0.14691956697843264
44,early_stopping,9,1.566280665773097,38.271509885787964,0.1469197586518599
44,reentrenamiento,1,0.09818104090810305,41.887832164764404,
44,reentrenamiento,2,0.08829348580992333,36.809165716171265,
44,reentrenamiento,3,0.07509078641863383,38.77661395072937,
